Signal,Mean (µV),RMS (µV),MRS (µV),Zero Crossings,Frequency (Hz),Delta (µV² /Hz),Theta (µV² /Hz),Alpha (µV² /Hz),Beta (µV² /Hz),Gamma (µV² /Hz),Label
e1.1,-111.543263,165.326922,137.46451,6,3,13.87119544,0.2165145654,0.1574001858,0.4712672927,0.3606380533,0
e1.2,-85.046038,140.633143,111.886389,6,3,5.126801228,0.1764413535,0.1514535261,0.4718978267,0.3648455494,0
e1.3,-46.838299,126.812428,85.819704,16,8,1.26187567,0.1818046438,0.1618710525,0.4723540795,0.3726680554,0
e1.4,-47.013536,143.65235,91.85055,7,3.5,0.8991437373,0.212408449,0.2984291419,0.738894163,0.5018537888,0
e1.5,-15.339653,113.01152,53.27305,24,12,0.4235851124,0.1951627782,0.1509922525,0.4841053967,0.3710713934,0
e1.6,1.908726,118.022061,59.884275,20,10,0.6239748928,0.1876659146,0.1741540077,0.4760732324,0.3690335906,0
e1.7,63.631671,139.759338,87.008625,10,5,0.7990099969,0.2035830099,0.1672210872,0.476579433,0.37064849,0
e1.8,-18.964808,149.138619,85.332429,19,9.5,1.308871113,0.2710694055,0.3292338092,0.7408793309,0.4972141839,0
e1.9,-105.519536,405.471467,319.643848,7,3.5,7.395332592,0.3605110539,0.1731399435,0.4730612721,0.3616387105,0
e1.10,279.173819,303.550071,280.007753,4,2,5.221294026,0.1866498402,0.1666245925,0.4674703708,0.36803201,0
e1.11,126.097886,169.569998,131.827785,4,2,1.903777799,0.1829854246,0.1614680793,0.4592666525,0.3551884625,0
e1.12,1003.550288,1460.449777,1010.331344,4,2,47.29378627,5.078698453,2.114304046,0.6582467649,0.4443234611,0
e1.13,942.712471,1243.395011,1005.570063,4,2,39.26869846,4.972386348,1.835901888,0.8617483081,0.4045425283,0
e1.14,-251.436446,411.634811,330.782007,11,5.5,9.478936382,1.193065234,0.6949779647,0.5659422866,0.3724008336,0
e1.15,-847.390041,859.952179,847.390041,0,0,29.24316927,0.4382676972,0.2127199625,0.4774698748,0.3607780035,0
e1.16,-482.191476,528.177102,487.529576,5,2.5,12.72151254,0.2714381137,0.2129742194,0.5017221865,0.403299591,0
e1.17,-283.818433,314.227504,304.621455,5,2.5,5.93381936,0.1932931486,0.3044286651,0.5339419756,0.4349492002,0
e1.18,-242.725234,269.74855,261.209064,4,2,3.714051166,0.189374875,0.1606731278,0.4628321853,0.3687233007,0
e1.19,-104.781121,151.595815,128.008858,4,2,1.28577533,0.1617741561,0.1562545147,0.4598619519,0.3561163148,0
e1.20,-41.04652,142.214152,88.408253,13,6.5,1.279871596,0.2201831101,0.2646179336,0.7156043833,0.5157991015,0
e2.1,-1898.685214,1914.514846,1898.685214,0,0,153.8712459,0.3728915618,1.441676549,1.725229465,0.5323051848,0
e2.2,-2032.066595,2061.356072,2032.066595,0,0,236.2983106,1.086684284,1.130593309,2.81030574,1.129211152,0
e2.3,-1182.713589,1355.427112,1201.310274,6,3,121.2565095,1.633030071,1.253949039,1.897090075,0.9217901749,0
e2.4,-128.823828,392.775795,296.860876,22,11,15.96685481,0.7858409256,1.632167438,2.023843921,0.8488763595,0
e2.5,966.493514,1574.369495,1126.527739,9,4.5,111.7125477,1.594603076,1.476589213,1.582341972,0.3462948068,0
e2.6,150.845119,551.673269,494.426879,5,2.5,25.31635462,0.9398456116,0.9027711185,1.258869976,0.4123221627,0
e2.7,258.850439,384.410835,318.511052,20,10,11.11291999,0.9851725545,1.045365406,1.377599088,0.4435965357,0
e2.8,608.198353,747.958363,655.311319,4,2,29.28360992,0.6310982692,0.7033982378,1.193063107,0.4306033607,0
e2.9,1119.526531,1142.055505,1119.526531,0,0,55.59818493,0.4074393012,0.7493107022,1.481097604,0.4669800664,0
e2.10,632.692863,678.452192,633.837933,4,2,26.71187776,0.4498676203,0.9731509964,1.904523492,0.7139703605,0
e2.11,126.938907,264.925745,201.029038,47,23.5,20.73700369,0.6513474105,0.9601548406,1.779163816,0.7766181133,0
e2.12,762.543864,883.4293,773.230831,11,5.5,33.59846719,0.5536949215,0.6000399974,1.156114683,0.578569089,0
e2.13,839.599496,884.940839,840.81905,2,1,34.55849464,0.3714731189,0.8854831576,1.424073413,0.6526343808,0
e2.14,203.771618,363.319356,293.939057,8,4,10.79796547,0.4143242034,0.728944211,1.304821142,0.4556564134,0
e2.15,457.503624,667.125482,551.494763,6,3,19.06699759,0.6037814626,0.7453307434,1.433485666,0.436151048,0
e2.16,260.297043,453.592212,352.281354,12,6,8.507759302,0.4779399683,0.9148777233,1.506699974,0.4779396734,0
e2.17,-440.328186,511.885576,466.210581,5,2.5,16.84410346,0.3006519204,0.8515107852,1.714694538,0.4259097297,0
e2.18,-579.590158,725.443801,605.547037,6,3,22.12883334,0.5388211145,0.819385697,1.536382112,0.3389989854,0
e2.19,-463.519143,540.184089,473.268515,6,3,18.10152201,0.4044168345,0.9378477735,1.504418094,0.3247928675,0
e2.20,-247.591354,386.618824,297.145045,12,6,23.49501659,0.4153325715,1.107962427,1.523339414,0.3736308717,0
e3.1,-96.894671,182.527223,163.369284,7,3.5,1.608216047,0.4530376713,0.1104468809,0.2086850443,0.2238242822,0
e3.2,273.214201,421.0473,305.021504,16,8,10.06218273,0.5818270943,0.1633515227,0.23132416,0.2244286937,0
e3.3,222.480367,349.008758,259.547519,4,2,10.09966142,0.8066986124,0.1207259986,0.162240909,0.153759038,0
e3.4,61.50418,149.720152,117.349935,14,7,7.139524946,0.260594556,0.05256523188,0.2205180273,0.2292402035,0
e3.5,241.657753,271.750783,243.041329,4,2,4.007330354,0.2703571635,0.07124238809,0.2122475335,0.2296794984,0
e3.6,165.417466,194.118756,166.035722,4,2,2.200363472,0.2102457439,0.0562712346,0.1547683534,0.1470307437,0
e3.7,105.008996,145.984704,112.932016,14,7,1.38432084,0.2436038899,0.05452885454,0.2175699193,0.2270349444,0
e3.8,38.605428,106.055351,75.786821,13,6.5,0.9091468555,0.2503783895,0.06386462472,0.2054607735,0.2225004011,0
e3.9,-33.78082,-33.78082,89.049808,26,13,0.3830524728,0.1886104489,0.0499649369,0.1424168594,0.143767105,0
e3.10,-81.508282,129.476239,105.30579,15,7.5,0.8004664046,0.2163879468,0.04820358675,0.1862289806,0.2128358063,0
e3.11,-26.503439,105.432074,79.460581,20,10,1.457358591,0.2704196078,0.05605147803,0.2078988731,0.2159832114,0
e3.12,-105.563179,135.78534,116.783509,6,3,1.056051176,0.2357042228,0.06125590875,0.1422845084,0.1458335046,0
e3.13,-107.457193,143.304217,124.739282,6,3,0.9972584788,0.2361505505,0.05698583702,0.2064116585,0.2191650547,0
e3.14,-81.3096,125.322495,102.25823,20,10,0.7664174235,0.2465283389,0.05848542463,0.1995958851,0.2154397309,0
e3.15,-33.465151,104.454924,73.353424,17,8.5,0.6473259058,0.2071656762,0.05728867749,0.1403149714,0.1456965823,0
e3.16,-42.939797,105.114912,78.956957,14,7,0.4980904384,0.2507838172,0.05109426688,0.2113250803,0.1987486464,0
e3.17,-72.864963,119.819446,93.65151,18,9,0.6205616454,0.2394605805,0.04468191473,0.1881506481,0.2148336232,0
e3.18,-61.285855,108.153182,80.863351,20,10,0.4955926671,0.2328325457,0.07448405777,0.1571033207,0.1552127505,0
e3.19,-37.585841,99.590456,71.87371,20,10,0.4640867577,0.2680797637,0.07110326565,0.2028149524,0.1753859512,0
e3.20,-29.406548,99.82367,70.570516,19,9.5,0.395143531,0.2516038019,0.05321099042,0.2040119308,0.2252536717,0
e5.1,319.925483,370.043842,338.664107,4,2,9.782395809,1.234378369,0.4022041215,0.5624246469,0.3575227449,1
e5.2,136.776646,279.37335,220.191407,16,8,9.380248899,1.163930834,0.3872271353,0.5604135372,0.344313818,1
e5.3,28.967425,234.26445,176.092648,19,9.5,15.67683067,1.330110976,0.5469996721,0.5708144379,0.3263954496,1
e5.4,211.786052,307.801798,251.965106,5,2.5,14.29538308,1.134551195,0.3939385869,0.5542150015,0.3329113666,1
e5.5,468.770085,557.526664,480.331829,10,5,17.45353323,1.394755792,0.4497148508,0.8516192101,0.5330072266,1
e5.6,235.255959,338.653244,288.957835,10,5,6.3820117,1.087163873,0.5113439779,0.5646862392,0.3432209254,1
e5.7,374.877942,426.587847,387.84535,6,3,9.699911155,1.180186124,0.4870545573,0.5721288494,0.3422996672,1
e5.8,62.516469,266.198847,199.391961,21,10.5,5.172043997,1.155827815,0.5829151869,0.8892102437,0.5160792284,1
e5.9,356.946495,422.272543,3798.289606,7,3.5,10.70349415,1.144280246,0.5594583645,0.5489477345,0.3371174025,1
e5.10,566.611629,614.338432,572.647852,4,2,15.79298085,1.023807503,0.5042976725,0.5418091646,0.3371153413,1
e5.11,24.173651,269.36611,202.18241,19,9.5,5.069382013,1.220503442,0.5685479376,0.8894024013,0.5161140896,1
e5.12,-79.316844,209.978422,152.26976,15,7.5,2.497847721,0.9500734594,0.5287220232,0.5726091989,0.3412937325,1
e5.13,173.966935,321.304499,271.692324,4,2,4.434176615,1.031000664,0.5075078011,0.5481691102,0.3386242751,1
e5.14,149.931977,298.236075,248.086431,11,5.5,5.784418074,1.263810128,0.5533294074,0.8451053685,0.5354549241,1
e5.15,241.909024,331.894147,276.916738,7,3.5,7.671723336,1.22553538,0.4620464799,0.5513506527,0.3355214561,1
e5.16,438.634,505.866603,445.410556,4,2,14.59589631,1.242005058,0.57063162,0.5797075346,0.3303858772,1
e5.17,335.951371,391.070007,350.469416,5,2.5,11.26413094,1.082159237,0.4184492233,0.5410109821,0.3257151561,1
e5.18,-119.994002,233.792467,162.42437,12,6,6.788582309,0.8460759662,0.5823245634,0.7708109575,0.4272568019,1
e5.19,-94.81106,220.39036,164.665023,12,6,8.601325537,0.8847208553,0.4281419127,0.5647790133,0.3390788185,1
e5.20,-67.997931,218.785297,162.426689,15,7.5,5.915349373,0.9685949816,0.5319945964,0.5520084338,0.3371395941,1
e6.1,228.362399,355.258629,260.103722,3,1.5,12.47392483,4.177777889,3.754380923,2.143081673,0.3710540181,0
e6.2,-619.363261,737.972212,673.745329,7,3.5,32.50537822,4.51323219,3.827871971,2.134350336,0.3487738157,0
e6.3,694.801665,875.064768,719.050608,1,0.5,28.33046032,4.507394057,4.012440105,2.235866331,0.3730206355,0
e6.4,160.934015,716.124364,610.612545,4,2,20.39492798,4.358241229,3.80758382,2.159972551,0.3377439589,0
e6.5,-135.905969,372.203057,329.364871,5,2.5,7.710501649,4.462900384,3.878823974,2.177174608,0.3596210456,0
e6.6,-20.57239,474.38588,424.408806,6,3,8.523716882,4.600243754,3.951799654,2.208933862,0.3570266901,0
e6.7,-523.379609,722.409381,569.1249,8,4,34.32082942,4.863736515,4.177978783,2.291405969,0.3610025887,0
e6.8,69.720725,446.181755,355.623112,5,2.5,12.62356373,4.649521924,4.020445688,2.270887895,0.3719663391,0
e6.9,157.019232,455.589588,383.225603,3,1.5,18.32775748,4.740834446,4.118157312,2.243357273,0.348001806,0
e6.10,789.721978,1052.584897,864.081886,3,1.5,37.22453021,5.915055925,4.447073964,2.230515126,0.3661089782,0
e6.11,117.444266,939.989295,664.800426,5,2.5,21.08235117,9.915104943,5.328257689,2.455003382,0.3980511993,0
e6.12,-897.797748,1109.073147,950.831489,8,4,44.53167989,5.511825807,3.883776849,2.210626124,0.3537631329,0
e6.13,-623.049988,747.409503,673.040161,6,3,25.25895877,4.831370831,3.855641599,2.183859458,0.3505493457,0
e6.14,245.248406,432.012754,316.458046,7,3.5,20.7146865,4.778792501,4.029622843,2.303252819,0.3496420201,0
e6.15,213.532489,433.149419,322.305432,12,6,12.77699379,4.559313969,3.792825434,2.198016717,0.3558585106,0
e6.16,280.014484,480.760842,367.046183,4,2,10.7899465,4.471248943,3.975946333,2.242916804,0.3451476133,0
e6.17,204.933612,439.573835,372.094838,5,2.5,9.999069398,4.613724225,4.007100921,2.29825521,0.3664104843,0
e6.18,326.704748,668.430235,389.889338,19,9.5,14.34729851,5.521296181,3.96612763,2.204819548,0.3430848039,0
e6.19,-49.92373,650.57694,544.214714,6,3,26.13153926,4.6832527,4.170882875,2.298354318,0.359483333,0
e6.20,-193.688438,817.116278,756.246303,3,1.5,20.47261774,4.786189878,4.078398078,2.277906954,0.3463115293,0
e7.1,-183.576612,276.843088,256.01458,3,1.5,4.084772348,0.1571273539,0.0898519311,0.09051443543,0.05977321678,0
e7.2,-239.122137,343.060274,301.801197,11,5.5,6.892372986,0.347522435,0.1113566721,0.1054527007,0.08471508444,0
e7.3,-220.6012,287.675386,223.937029,10,5,7.274102676,0.2107223868,0.1170278864,0.1717426002,0.161519137,0
e7.4,-131.817171,166.583424,141.42067,14,7,3.196402356,0.09359272826,0.0736409518,0.1280122639,0.101205157,0
e7.5,-212.057477,234.792544,214.84088,6,3,4.057174545,0.1141950161,0.1012728223,0.1951949954,0.2455941401,0
e7.6,-67.129492,154.510163,121.601893,34,17,4.483199138,0.1756676422,0.0845830837,0.168950737,0.1624692793,0
e7.7,-221.389173,256.611591,224.288166,8,4,7.119967163,0.3912866104,0.1184209016,0.166498313,0.1312631136,0
e7.8,-437.884664,508.580946,435.899543,2,1,20.65477035,0.7529851829,0.2892421635,0.2531597528,0.1418596511,0
e7.9,211.101196,251.029711,220.528826,22,11,5.216900695,0.2085885728,0.09065853381,0.1545297708,0.125895839,0
e7.10,171.816997,193.162511,183.229686,6,3,4.346433643,0.130509124,0.1385384444,0.2388759998,0.160575341,0
e7.11,186.94226,205.868844,192.486236,8,4,3.939215015,0.1248029804,0.07498279824,0.1509449757,0.09807944754,0
e7.12,86.633682,123.497826,103.250557,10,5,2.471531576,0.1471529571,0.1198765979,0.2357673697,0.1762445947,0
e7.13,86.06863,116.441095,99.186098,16,8,1.666593583,0.1244688462,0.07273730271,0.1700388542,0.1271394395,0
e7.14,124.011129,150.716453,136.176072,7,3.5,1.466915381,0.1139618436,0.06435816857,0.1583888901,0.1289821105,0
e7.15,585.109916,798.038748,598.009406,9,4.5,18.48655483,1.067805902,0.4454609134,0.2794178518,0.1767485875,0
e7.16,54.440046,308.217921,228.663853,12,6,11.93949934,0.330608707,0.214206187,0.1760460419,0.1252038706,0
e7.17,-24.647505,131.066494,99.05319,31,15.5,18.02990047,0.3607423272,0.1463189515,0.1836207323,0.1429794632,0
e7.18,-306.030086,322.722074,306.030086,0,0,4.997428443,0.1351863135,0.05115589808,0.07667557591,0.06213964106,0
e7.19,-316.203995,327.737003,316.203995,0,0,4.576213033,0.1516589294,0.07188284267,0.1639509811,0.09694438367,0
e7.20,-171.478666,199.283839,176.411194,12,6,2.198112781,0.2219696952,0.1210794465,0.1084343701,0.07443509637,0
e8.1,67.353382,384.637954,312.943591,7,3.5,7.732783096,0.8112498974,0.4803593258,0.6368196678,0.3225885963,1
e8.2,0.273175,335.495249,273.821024,6,3,13.08173272,0.8013667321,0.3932393234,0.6584970901,0.3369348015,1
e8.3,-29.195338,230.807858,173.068464,17,8.5,10.17019429,0.5139030142,0.5662643103,0.9064911057,0.4281897618,1
e8.4,-433.946322,525.884919,480.034945,5,2.5,13.67677974,0.6671600765,0.3904568097,0.636489564,0.3207051432,1
e8.5,-228.851072,351.64301,322.880298,5,2.5,10.36815814,0.5945656377,0.3903737661,0.6248677679,0.3295756322,1
e8.6,-377.810066,423.811211,360.649668,8,4,18.03973306,0.7305484968,0.4048962325,0.6285960574,0.3336014442,1
e8.7,423.90928,619.219358,487.426311,6,3,13.38405798,0.7502455376,0.3490711769,0.6446704144,0.3331226668,1
e8.8,270.042394,370.691996,295.863849,9,4.5,5.397079643,0.5817760539,0.9504678831,0.8278655136,0.4430834082,1
e8.9,-14.483135,215.416432,153.546656,13,6.5,2.47563588,0.5223112836,0.4043062634,0.6120846454,0.31496795,1
e8.10,-152.106576,258.783104,227.361014,6,3,2.669033919,0.4386444241,0.3057900599,0.6390968389,0.3374571292,1
e8.11,47.196299,208.620015,143.848218,17,8.5,2.292511825,0.5057354097,0.3006692185,0.5936826335,0.3127391904,1
e8.12,-76.183431,283.090679,230.732882,8,4,2.529651912,0.7563187839,0.4851836227,0.6723367742,0.3506186193,1
e8.13,64.428585,280.188177,156.258709,12,6,3.431171658,0.7552049518,0.8277898679,0.8473382165,0.4457817008,1
e8.14,-826.601149,1049.622587,911.605308,4,2,60.39003907,2.165803809,0.6115259752,0.6353821091,0.3265016441,1
e8.15,-47.844425,475.888829,422.395945,4,2,27.63546053,1.196471242,0.4423500142,0.6539759488,0.3314884851,1
e8.16,842.998747,918.109755,845.998747,0,0,35.66060764,0.8291284473,0.3696508818,0.5930498079,0.3071948696,1
e8.17,669.625064,713.415405,669.625064,0,0,18.68011842,0.6225411447,0.5815650912,0.8410286366,0.4557996631,1
e8.18,146.501732,440.572978,374.462486,5,2.5,5.353612326,0.6579470224,0.3763847656,0.6378527364,0.3188144873,1
e8.19,-110.763634,365.618604,310.623302,10,5,4.512009692,0.8385474661,0.4969244772,0.6344613686,0.3113308336,1
e8.20,-8.777178,156.068165,104.773465,14,7,2.252963999,0.516667535,0.298951671,0.6157229294,0.3234590621,1
e9.1,60.1877,105.6449,95.5044,6,3,2.148875941,0.09476590716,0.03237811534,0.005652250364,0.001664963097,1
e9.2,100.4023,117.5411,101.1249,6,3,1.842526751,0.09223847806,0.03993537038,0.00630600455,0.00154494927,1
e9.3,59.5761,82.4706,66.6669,18,9,1.233075499,0.0760129343,0.03588303834,0.007434575748,0.002282675963,1
e9.4,139.1019,167.9818,151.4369,2,1,2.981107961,0.1388335657,0.05690198955,0.0146040026,0.00605125997,1
e9.5,144.701,161.1829,145.6369,2,1,3.132957191,0.07033397925,0.04566946415,0.01090222744,0.009792625888,1
e9.6,21.1061,92.3564,64.6148,46,23,1.663874902,0.1031619981,0.02696090995,0.007687760716,0.01436425139,1
e9.7,66.951,113.8347,88.6426,32,16,1.024417553,0.140367358,0.05082156878,0.01576999765,0.009378090512,1
e9.8,124.4706,163.541,127.3047,18,9,1.454462333,0.1155862746,0.09154629511,0.01754172311,0.02192116465,1
e9.9,99.9761,140.7295,115.185,24,12,1.272402304,0.08079517725,0.04630593325,0.0204719047,0.01566697829,1
e9.10,98.362,142.4008,107.4137,26,13,1.70270865,0.1020823523,0.07861989618,0.01982173924,0.01422311689,1
e9.11,177.8603,231.698,184.9057,6,3,2.325366875,0.156742652,0.1066981843,0.02423797075,0.007787522697,1
e9.12,248.7367,292.9866,248.7367,0,0,4.546875229,0.2491589227,0.1142157147,0.02550952508,0.01390538248,1
e9.13,271.396,327.4459,271.6541,4,2,4.62032863,0.3391135178,0.1621076527,0.02195506073,0.007701521554,1
e9.14,216.2677,290.8179,223.1441,6,3,3.395343042,0.3541956966,0.08883430048,0.01593823207,0.006611351678,1
e9.15,159.0133,247.7646,171.049,18,9,2.440111561,0.2933204954,0.0776015222,0.01735351303,0.00673372356,1
e9.16,176.2748,246.6425,193.7511,8,4,2.330836302,0.2233448965,0.1611887059,0.02190374745,0.004746381736,1
e9.17,179.5137,218.1489,184.5846,4,2,2.697718931,0.08719974136,0.08263328138,0.01424737321,0.003142768401,1
e9.18,216.074,248.9335,216.074,0,0,2.172723126,0.1419080206,0.1229381925,0.02264753485,0.003728817009,1
e9.19,175.9392,228.7972,178.093,6,3,2.365009566,0.1435488509,0.0787149859,0.02355074957,0.003871722693,1
e9.20,165.1913,221.069,171.215,12,6,1.676514145,0.1262805298,0.05204019611,0.01374039716,0.003748292484,1
e10.1,57.2526,92.6416,74.356,6,3,0.7152323182,0.2490002412,0.1940694925,0.2390788275,0.06857109227,0
e10.2,16.3085,78.2554,55.6685,13,6.5,0.578941952,0.2717472495,0.2046725561,0.2378275101,0.06732219786,0
e10.3,30.5404,135.0645,97.3501,12,6,5.009484178,0.4663711043,0.2039164017,0.2327009237,0.06616515277,0
e10.4,-92.9449,143.2459,101.7505,12,6,5.999658554,0.442076879,0.3798907225,0.3553575462,0.09760889304,0
e10.5,8.2566,80.5291,50.3594,19,9.5,1.849806699,0.3197084848,0.2189176005,0.2556942031,0.07194283778,0
e10.6,-10.503,87.0474,60.1806,9,4.5,1.523845381,0.2272984133,0.2201437929,0.2405424618,0.06376934453,0
e10.7,-28.1583,78.3163,44.588,23,11.5,1.17952767,0.2574227646,0.2121382766,0.2584924837,0.06922267493,0
e10.8,-44.2947,98.0396,53.3136,23,11.5,1.882840355,0.2930404975,0.3728793859,0.3407046159,0.09990843839,0
e10.9,-63.8838,98.8064,66.3395,9,4.5,1.316362683,0.2890632191,0.238489198,0.2674199288,0.07300362936,0
e10.10,-43.9162,102.4715,72.8397,6,3,1.719402815,0.286064042,0.22652829,0.253867281,0.06866627647,0
e10.11,3.4327,96.9369,64.069,15,7.5,0.8585635525,0.287319032,0.2988018446,0.3590938505,0.1181231581,0
e10.12,32.5625,82.6554,55.6014,25,12.5,0.6426328248,0.2514691876,0.2222943681,0.2554458925,0.07126068935,0
e10.13,52.6104,89.445,72.0189,6,3,0.7422732167,0.2648336934,0.2231304747,0.2524078207,0.06902574702,0
e10.14,59.995,96.9335,79.2662,6,3,1.176283933,0.2650868082,0.2227858497,0.2578150118,0.06788753417,0
e10.15,15.4072,91.8077,58.2389,16,8,1.047158936,0.3205670628,0.3332259943,0.3634969401,0.09870569998,0
e10.16,7.8233,85.498,55.7656,13,6.5,0.8901382978,0.2813146295,0.2227754933,0.2634012041,0.06943600088,0
e10.17,4.1366,79.8018,54.3332,14,7,0.7898165364,0.2582101908,0.2035556086,0.2454005602,0.06535127257,0
e10.18,-21.7344,79.3766,49.0933,10,5,0.5736898938,0.2586751283,0.2068218847,0.2456600974,0.06672814202,0
e10.19,-30.7784,101.0151,63.335,15,7.5,0.8992698532,0.3803399015,0.399627075,0.3576642693,0.09137515505,0
e10.20,-61.4355,109.5866,79.8403,7,3.5,1.865453039,0.3610412158,0.2338501446,0.26003272,0.06875869725,0
e11.1,147.4154,201.6028,169.1202,9,4.5,3.019221981,0.4637418144,0.1240533597,0.1816019658,0.2267296183,0
e11.2,290.0919,343.8593,315.0329,8,4,6.175352153,0.5000706478,0.162024345,0.1439219276,0.1485044025,0
e11.3,-109.4934,256.2681,218.2909,16,8,3.88364441,0.4764908755,0.1158971732,0.1407400039,0.1616840217,0
e11.4,-130.5338,245.8226,198.6147,15,7.5,5.8436941,0.3537231555,0.1083903776,0.1793450533,0.1934769545,0
e11.5,122.3076,313.1876,257.8309,8,4,6.491395795,0.5822345855,0.1230650368,0.1323015002,0.1458343658,0
e11.6,-73.1942,311.4558,260.8293,12,6,5.652314416,0.4085530034,0.1228398812,0.1871834619,0.2161327063,0
e11.7,-58.6966,209.3778,174.2082,16,8,5.125449708,0.5149695912,0.09207758007,0.1421925987,0.1473478151,0
e11.8,283.8211,340.496,291.5821,11,5.5,6.310341694,0.471970476,0.1812414487,0.1834638632,0.1755423732,0
e11.9,232.926,516.2668,458.4305,5,2.5,8.956937858,0.7554158852,0.1555197444,0.1383599049,0.1503787175,0
e11.10,266.4822,339.837,282.4774,11,5.5,9.570299972,0.5271998663,0.1302162725,0.1715218517,0.1927821482,0
e11.11,-18.0836,260.4703,220.4561,5,2.5,3.710568695,0.5629800704,0.08766960524,0.1339072001,0.1502522614,0
e11.12,0.3977,215.4176,180.3614,12,6,3.298824982,0.3610307321,0.04566302348,0.196602707,0.2010709117,0
e11.13,317.8476,373.0296,340.9195,9,4.5,8.404474015,0.5605023878,0.0813494157,0.1118151212,0.1256369247,0
e11.14,90.4871,183.288,157.4816,11,5.5,2.610364803,0.3479587882,0.09495777945,0.1567044488,0.2144767106,0
e11.15,-210.7962,299.0466,236.1527,19,9.5,5.286316115,0.5116409229,0.1475967914,0.1507783773,0.1505705246,0
e11.16,-167.2079,209.5377,176.2023,12,6,6.469035565,0.4307473809,0.06811655565,0.1718106431,0.2012129569,0
e11.17,-228.191,320.941,261.0696,9,4.5,6.290520443,0.4018009587,0.1036059962,0.1691810417,0.1992204777,0
e11.18,-241.7638,325.9101,267.2538,8,4,6.884848487,0.5465875335,0.1360419843,0.1089493668,0.1079268243,0
e11.19,-61.2518,241.3345,199.8195,11,5.5,8.040130444,0.3582732759,0.05887949355,0.1386544994,0.1715170849,0
e11.20,-180.7704,281.7926,250.8148,5,2.5,4.556359954,0.5826029453,0.1722931731,0.1504801059,0.15647877,0
e12.1,206.0472,252.021,208.7235,6,3,1.938174808,0.8470266092,0.4762563838,0.7524210196,0.6390647387,0
e12.2,58.6853,198.0582,142.674,13,6.5,2.521204798,0.6373422332,0.2253180074,0.5168643979,0.4069515114,0
e12.3,48.1696,180.9411,132.4529,16,8,8.246212558,0.9118907727,0.4316358233,0.7493372844,0.6187048437,0
e12.4,23.5578,181.6972,125.3081,26,13,7.238407192,0.9114506614,0.4480497915,0.7495468632,0.5904017232,0
e12.5,-212.7854,332.8108,249.5639,8,4,6.825015515,0.7853437501,0.3037075559,0.520821851,0.4155926807,0
e12.6,-283.9985,365.3473,303.8961,8,4,4.724258675,0.8775087826,0.4846601654,0.682720782,0.5404179162,0
e12.7,-228.5113,277.384,257.6542,9,4.5,4.037309917,0.7967183125,0.4087611164,0.745378607,0.6204587265,0
e12.8,-266.4066,306.8975,292.5334,6,3,5.62345821,0.7360709978,0.403480277,0.7582832179,0.6222026556,0
e12.9,-263.5924,305.5211,289.0558,6,3,16.60747856,0.7926039465,0.2953070375,0.5242004867,0.3994470384,0
e12.10,-375.468,472.0408,420.0775,5,2.5,13.43655028,0.8715654754,0.4684249183,0.7389657404,0.5993883461,0
e12.11,275.7434,359.3259,305.9312,5,2.5,6.032263497,0.7966190118,0.4717023942,0.740777189,0.6100255793,0
e12.12,42.4065,153.1936,82.7694,16,8,3.380620011,0.5626637281,0.2105333679,0.4985048968,0.4031058258,0
e12.13,-29.7705,131.56,81.8058,22,11,7.102939527,0.8579525112,0.4391189189,0.7358608888,0.619692606,0
e12.14,240.2454,314.5571,248.354,13,6.5,3.007931642,0.8499102503,0.4137125312,0.7587366682,0.6397077155,0
e12.15,126.3673,229.566,172.4875,15,7.5,2.144320705,0.6886585013,0.3806241754,0.7281741851,0.6079329364,0
e12.16,46.8317,162.8877,96.8438,17,8.5,1.236435163,0.6141835286,0.2137143568,0.4975024027,0.4044940407,0
e12.17,87.2557,152.5279,95.7493,10,5,0.8728041102,0.8062576966,0.3803150992,0.6903596846,0.5590923048,0
e12.18,44.6292,152.1251,88.9096,15,7.5,2.43525604,0.7178526488,0.34889236,0.6993935363,0.5578276966,0
e12.19,38.6348,154.2177,84.1895,21,10.5,3.076165206,0.6435933917,0.2110338409,0.4752069412,0.3802556722,0
e12.20,99.7733,164.4333,110.387,10,5,7.558404428,0.8665333553,0.4271027271,0.7135026993,0.5638532301,0
e13.1,-262.3958,643.6709,555.5865,6,3,51.37074526,4.802281371,3.368890001,1.824643763,0.292804498,1
e13.2,440.1658,616.4491,470.6968,8,4,28.18374049,3.462914737,3.904270813,2.226509399,0.2608918925,1
e13.3,-242.191,831.1759,678.2315,6,3,36.75488943,3.913716312,3.031525639,1.490060157,0.1895409996,1
e13.4,462.1601,910.2803,710.4045,14,7,47.19637732,5.184428905,4.108072528,2.21501195,0.2725645421,1
e13.5,-152.3933,1042.2854,820.169,23,11,43.79739963,4.088640821,3.049803923,1.543703509,0.2032703036,1
e13.6,-776.9494,1104.832,850.6683,13,6.5,63.65616422,3.808940225,4.53634184,2.202366775,0.2653717234,1
e13.7,2.955,368.9084,300.8946,31,15.5,17.75912875,4.07538014,2.973102196,1.48116499,0.1884196581,1
e13.8,630.5744,898.0581,807.1516,7,3.5,65.35196994,4.573900687,4.204404964,2.10323944,0.2762768171,1
e13.9,332.326,876.0031,752.6544,14,7,45.63959675,2.705927323,2.991852648,1.435339685,0.1764371618,1
e13.10,179.348,857.9302,741.9392,9,4.5,49.34655665,6.165379837,4.550370454,2.314062228,0.2990756109,1
e13.11,263.7245,875.1591,759.8952,14,7,43.37238475,3.065957231,2.980697757,1.580493819,0.1886138958,1
e13.12,232.102,836.1585,684.7555,15,7.5,36.61925484,7.730053473,4.949955119,2.324480837,0.3304467185,1
e13.13,98.6936,1045.5142,873.8203,13,6.5,52.51677542,5.50170962,4.191394645,2.305593976,0.3788699023,1
e13.14,263.333,572.6672,490.4583,22,11,46.21789411,3.69858809,3.074198696,1.542263287,0.2196707031,1
e13.15,241.0198,545.1835,431.2007,22,11,40.21413375,4.088756556,4.222838892,2.255658677,0.254172366,1
e13.16,-200.9632,873.9042,733.0619,8,4,50.92671743,3.227591016,3.072104725,1.470472421,0.1787446585,1
e13.17,-652.1,1344.5949,911.8338,13,6.5,93.98170032,4.543216507,4.43487241,2.31097473,0.250337885,1
e13.18,119.8702,1271.2307,1133.7904,1,0.5,70.15259272,4.122257073,3.432981953,1.619982093,0.1916330962,1
e13.19,-469.5884,801.0257,605.5733,9,4.5,50.18606286,4.872176728,4.344599023,2.154297945,0.2704771121,1
e13.20,-179.3134,934.246,854.7807,3,1.5,54.16840521,4.720623927,3.29806062,1.546560393,0.19356146,1
e14.1,440.4429,768.2649,476.9028,12,6,35.94646957,3.275387354,1.556990885,1.330640433,0.3543492504,1
e14.2,75.6739,453.4499,357.7942,8,4,18.74534496,2.623596957,1.635987056,1.351813204,0.3587609449,1
e14.3,292.8118,503.6085,366.1324,9,4.5,15.16528296,3.806776419,2.591230324,1.814245586,0.3556781071,1
e14.4,406.8461,542.9861,465.0271,4,2,15.67331817,2.81630902,1.842699367,1.454533031,0.4588063223,1
e14.5,270.2961,430.2443,349.0256,4,2,30.91920263,3.597686138,2.213228727,1.736168947,0.5217284711,1
e14.6,157.8289,404.6563,311.466,5,2.5,37.83709283,3.88884586,1.374644105,1.213070981,0.3316793929,1
e14.7,460.3896,757.5159,576.8001,7,3.5,23.95375295,4.242926812,2.058164294,1.753918873,0.3947868079,1
e14.8,462.5087,650.9181,504.7404,8,4,32.46578921,2.277283739,1.161281052,0.9053557672,0.3034927492,1
e14.9,519.4622,1499.7358,1171.5323,2,1,20.41595712,2.34534196,1.874873923,1.473036098,0.4698117299,1
e14.10,644.4893,895.6389,782.7444,6,3,35.36698097,3.025202513,1.446385525,1.209445253,0.3035544713,1
e14.11,303.3184,445.2401,326.519,4,2,46.04746642,2.898745598,1.402855492,1.173476313,0.29046668,1
e14.12,601.6119,1076.3411,751.7435,2,1,10.25555922,5.100734389,2.081441112,1.914233301,0.5312993842,1
e14.13,-6.762,360.8869,262.7268,13,6.5,35.38783552,3.404244246,1.628258281,1.287149237,0.2996466605,1
e14.14,535.6129,909.215,764.9715,3,1.5,38.52441941,3.339173559,1.958665933,1.6855665,0.4182131327,1
e14.15,838.0095,1034.7177,858.0436,2,1,24.4682593,2.109403058,1.440010751,1.194092946,0.3041874882,1
e14.16,-240.295,478.7559,441.1013,7,3.5,15.27900543,3.365833494,1.611132572,1.199662962,0.2853473959,1
e14.17,30.4555,438.1795,365.9767,6,3,24.62210395,4.588437636,3.106442843,1.917482816,0.3903621995,1
e14.18,524.4129,822.9167,703.3062,5,2.5,32.70481205,3.714583346,1.548030184,1.192536864,0.2984385104,1
e14.19,920.3573,982.9549,726.5096,2,1.5,15.60245749,3.806818518,2.134119446,1.761724491,0.3636499278,1
e14.20,19.592,561.6899,457.5815,10,5,103.1790961,7.510406022,2.646300755,1.393984787,0.3364492054,1
e15.1,422.4799,450.0938,422.4799,0,0,8.273064977,0.1549487552,0.03267158091,0.009413866824,0.003872504127,1
e15.2,514.9135,525.3926,514.9135,0,0,12.01091355,0.1073597776,0.03036742741,0.01308166419,0.007377494792,1
e15.3,388.8087,400.6042,388.808,0,0,6.716111119,0.08055385423,0.06507367639,0.07299865582,0.02867436537,1
e15.4,211.1518,262.354,224.114,14,7,4.58371874,0.1538768194,0.04297822504,0.01251237927,0.006257128103,1
e15.5,211.9708,233.4334,217.0528,4,2,3.726874347,0.1067332911,0.2309333865,0.2488309059,0.09847454091,1
e15.6,242.4454,302.712,242.8085,4,2,11.28665088,0.5746760632,0.1489167003,0.03986868392,0.01448232566,1
e15.7,411.6694,444.552,411.6694,0,0,21.00755064,0.5000126553,0.2287741945,0.03681654503,0.009079412838,1
e15.8,313.9614,337.3812,314.0455,1,0.5,5.199105131,0.2251863104,0.105782338,0.02610111789,0.01440295162,1
e15.9,263.8745,319.9213,268.7849,11,5.5,6.569201338,0.2255080814,0.04816804759,0.01492836991,0.004700412002,1
e15.10,189.0051,228.9452,191.445,14,7,3.15693105,0.09313260161,0.03667015161,0.009924797209,0.005017387724,1
e15.11,186.1429,217.6017,193.3918,10,5,1.826570757,0.1572416206,0.02300358617,0.01428806964,0.01397958935,1
e15.12,100.2694,162.7546,121.6079,40,20,1.042609544,0.2007823585,0.02567363005,0.01063199678,0.005322759235,1
e15.13,528.9749,1559.3141,616.6103,46,23,741.0624618,156.9704521,12.29331534,9.980540906,3.525560171,1
e15.14,2509.0366,2979.48,2667.1747,26,13,4248.411598,55.81244196,12.88890163,5.136553569,5.185208701,1
e15.15,-473.696,2296.058,1950.0533,72,36,435.9881416,64.31839447,28.03462311,11.34887165,9.391778224,1
e15.16,820.7292,881.4931,820.7292,0,0,422.940607,1.622852195,0.7948630182,0.155215678,0.03716596325,1
e15.17,495.7995,513.0407,495.7995,0,0,183.6253691,0.2300029315,0.07026555832,0.02026581697,0.007362595505,1
e15.18,166.5938,210.0541,170.2326,8,4,22.81245351,0.2186739064,0.0873926182,0.01423719623,0.004540177926,1
e15.19,17.5459,93.4501,77.4882,15,7.5,5.767051483,0.1986396425,0.05087224991,0.01377246141,0.00516096123,1
e15.20,-27.4042,76.783,51.8299,22,11,2.933490621,0.04119199101,0.01595771566,0.007531006512,0.003583461457,1
e16.1,13.9799,128.1495,103.4473,11,5.5,1.25350547,0.3184814783,0.2018341714,0.2004464799,0.09447648925,1
e16.2,28.3066,132.7451,110.5168,5,2.5,2.127027555,0.4605530071,0.295948113,0.3366858521,0.1553259801,1
e16.3,70.5533,148.354,105.61,7,3.5,1.990966269,0.2921754754,0.2415013592,0.2011079378,0.100120548,1
e16.4,74.242,175.0294,108.2673,17,8.5,1.648082523,0.5405879924,0.3621701472,0.2962500722,0.1333885776,1
e16.5,-74.4374,129.5658,106.999,7,3.5,2.053735193,0.4891217806,0.3585566403,0.3409759903,0.152597862,1
e16.6,-66.8705,134.1435,107.1835,22,11,1.181553791,0.3083803877,0.1599639643,0.2001597079,0.09354360551,1
e16.7,-43.5639,106.7512,76.0643,21,10.5,0.7912773733,0.4795995889,0.251773973,0.3466257458,0.1642847503,1
e16.8,-25.0002,107.1427,77.5368,21,10.5,1.039072085,0.3006932484,0.2894564741,0.335578552,0.1600101811,1
e16.9,41.5745,127.9336,91.4067,13,6.5,2.03678939,0.6536536606,0.4321395563,0.3176467275,0.1508192394,1
e16.10,-1.6904,92.8628,63.3122,16,8,0.9081768535,0.4246589501,0.5783930929,0.3965805138,0.2817572016,1
e16.11,-3.987,113.6679,77.674,40,20,0.9006240138,0.2559531887,0.2305463293,0.2770024096,0.1287365317,1
e16.12,-18.4718,108.1227,77.8826,55,27.5,0.9574034951,0.5571059872,0.3487842563,0.329016366,0.1720723888,1
e16.13,2.2106,133.4872,96.5332,70,35,0.8176659293,0.3329566091,0.3039631447,0.3112423277,0.1521631963,1
e16.14,-23.2382,117.0551,86.5429,76,38,1.424735431,0.3954268086,0.2151063886,0.2226944724,0.1014795117,1
e16.15,-52.4811,171.0216,131.7894,32,16,0.7799548306,0.3172837512,0.2572601177,0.3375075461,0.1301476815,1
e16.16,-8.1403,124.1569,94.6974,69,34.5,0.890400247,0.3028702338,0.2236773536,0.2034266062,0.09477318904,1
e16.17,33.0495,140.8668,108.7144,55,27.5,3.569521837,0.4788283268,0.2561096754,0.325778287,0.1542811988,1
e16.18,64.4471,144.7417,105.0349,66,33,1.250792604,0.2658504349,0.2484559836,0.3031954753,0.1474592961,1
e16.19,94.203,150.8276,112.4411,52,26,1.43951945,0.3589687143,0.2400424363,0.2245445322,0.1018417907,1
e16.20,-4.3889,128.7578,97.9351,73,36.5,1.108366977,0.371891559,0.2681256779,0.3094307366,0.1535824469,1
e17.1,-31.2018,198.2092,157.1978,10,5,3.162728874,0.1911215783,0.0373732419,0.01750259682,0.01144018451,0
e17.2,-16.7902,355.0926,305.91,2,1,8.027170298,0.3612207549,0.07258560849,0.0280228814,0.01206859626,0
e17.3,582.879,654.69,582.879,0,0,15.1675452,0.2261596567,0.071968374,0.02383773968,0.01307173194,0
e17.4,280.4183,595.8025,535.5677,2,1,14.92734674,0.8003125558,0.09412653399,0.02459548074,0.01262740593,0
e17.5,486.6045,558.0681,502.2238,2,1,18.33719323,0.2484418488,0.1495693841,0.04481157177,0.01618101371,0
e17.6,971.1722,995.9126,971.1722,0,0,41.83908034,0.1871661728,0.07428958237,0.021864453,0.01256293382,0
e17.7,1044.9701,1046.31,1044.9701,0,0,40.79045508,0.06039585659,0.009866794868,0.01643304909,0.01237375162,0
e17.8,442.0657,542.0926,454.5761,6,3,15.52185898,0.226000377,0.09241370342,0.02805901563,0.0132113394,0
e17.9,-30.0391,445.0844,415.9765,1,0.5,11.21584337,0.465852236,0.166961449,0.0424651858,0.01803188443,0
e17.10,309.3226,478.1551,378.4135,12,6,10.76706447,0.8585769667,0.2366027272,0.0395609593,0.01318682156,0
e17.11,672.6139,828.6884,686.3582,4,2,24.16689618,0.4582897331,0.3352125183,0.05842519165,0.01395070115,0
e17.12,-71.1193,739.9716,620.9033,3,1.5,13.10748245,0.7652145985,0.1685319509,0.07270794659,0.01801973289,0
e17.13,-166.267,376.9351,248.6498,9,4.5,11.23280891,0.2828566949,0.11110317,0.04655478177,0.01567155678,0
e17.14,-401.315,480.1644,408.7846,6,3,18.84983895,0.3361267608,0.09022611509,0.02993409182,0.01461062951,0
e17.15,506.7158,803.5629,735.575,1,0.5,21.59669539,0.6653571639,0.1033973785,0.06041039543,0.02162733409,0
e17.16,368.9717,586.9575,488.6781,2,1,11.66073198,0.3816603405,0.07071424688,0.02882060441,0.01290872938,0
e17.17,180.1316,201.6737,180.1316,0,0,5.409396276,0.08877437987,0.02129678457,0.01434269014,0.01137804749,0
e17.18,-444.7649,602.1585,461.3484,1,0.5,20.68406858,0.6625782164,0.2503423155,0.05552500689,0.01850353941,0
e17.19,-182.1838,291.1231,218.0408,3,1.5,11.7768089,0.5043572398,0.1163810009,0.05463313627,0.02365648663,0
e17.20,750.3855,835.0847,750.3855,0,0,24.58827199,0.3812409078,0.06678294366,0.02224418525,0.01299698416,0
e18.1,-54.296,208.6007,171.4358,9,4.5,9.634564806,0.3741347998,0.4954257518,0.2585310709,0.07386662282,0
e18.2,231.9794,346.1696,297.8807,4,2,7.324013444,0.5591298174,0.4795461178,0.2672485264,0.07523670625,0
e18.3,414.1788,491.4683,414.1818,2,1,17.96037297,0.5306147353,0.4736397217,0.2597472255,0.07046514775,0
e18.4,133.574,205.6047,158.5454,10,5,7.91952218,0.3535572204,0.5369395569,0.2412342457,0.06753038565,0
e18.5,0.9031,250.6555,200.0749,13,6.5,5.525924256,0.3119318508,0.6758660196,0.3531692373,0.09747047889,0
e18.6,-462.2012,1255.8503,752.0107,6,3,227.7853778,159.4507722,91.84849533,14.45460407,0.1019544608,0
e18.7,-572.6348,651.7433,574.9731,2,1,37.08549855,3.957099595,0.979647532,0.4630227814,0.1163042731,0
e18.8,33.8216,506.8037,255.4626,16,8,45.63233052,19.80402323,21.19174805,7.538269982,0.06976396849,0
e18.9,1021.9925,1255.778,1136.807,5,2.5,995.778849,11.69117678,5.468379685,1.576068801,0.2291614957,0
e18.10,833.5555,878.3305,833.5555,0,0,361.6048593,1.487098318,0.8825180457,0.3689728538,0.1029954085,0
e18.11,374.2753,403.0353,374.2753,0,0,81.28079863,0.6055959069,0.6738053844,0.313864865,0.08775548161,0
e18.12,227.1223,293.7416,255.1238,4,2,6.593375652,0.4585623058,0.6006775399,0.3810124737,0.1221866672,0
e18.13,84.4628,239.8506,183.1562,17,8.5,4.061484584,0.4143223398,0.4621868095,0.2688970604,0.07159897858,0
e18.14,73.467,174.2864,143.3552,12,6,3.338783013,0.3589014974,0.499156858,0.2639643639,0.0691614007,0
e18.15,-208.5789,292.523,224.4847,14,7,37.87226851,0.3460759594,0.4875531121,0.2445097144,0.06546856492,0
e18.16,-147.9217,851.6058,673.174,4,2,154.81984,15.71433743,2.14711497,0.5567068971,0.1489745216,0
e18.17,-1329.8481,1403.0468,1329.8481,0,0,1346.084204,3.187704941,0.9374373328,0.3603457139,0.09779211077,0
e18.18,-1329.8481,1403.0468,1329.8489,0,0,1133.465692,7.242233464,1.852559993,0.4776109087,0.1238923798,0
e18.19,1348.6341,1526.3267,1397.9828,1,0.5,1345.075131,10.98282266,2.865688015,0.7763585658,0.2135307764,0
e18.20,-70.0137,447.7849,385.0364,7,3.5,78.8497221,5.852413765,1.483834504,0.5682597505,0.1629765507,0
e19.1,72.5073,211.6516,170.2767,6,3,4.400772575,0.9014408343,0.8710776037,0.3736106654,0.1149759352,0
e19.2,-273.1164,340.5146,303.1788,6,3,5.896346129,1.153933403,1.476919621,0.4762183816,0.1261502244,0
e19.3,-418.9748,445.5948,426.9599,4,2,8.355340254,0.8826889179,0.7889763866,0.3964997009,0.1097891839,0
e19.4,-23.9644,148.8748,121.9634,15,7.5,5.503195147,0.6837009835,0.7047801461,0.3455792047,0.09409668574,0
e19.5,151.2993,207.2951,171.8915,6,5,4.546701178,0.8849302638,0.7879368139,0.392636104,0.1034754508,0
e19.6,219.2407,285.8991,224.3101,10,5,5.879630794,1.508169764,1.098643584,0.7138949874,0.1264682823,0
e19.7,94.7619,306.9755,247.4996,9,4.5,6.687706009,0.8700773109,0.9947597821,0.4178232859,0.1056548544,0
e19.8,-254.633,310.2299,272.0076,6,3,7.447929476,1.131064642,1.068643563,0.6166482146,0.1768774434,0
e19.9,-115.5201,220.015,195.0208,8,4,4.6539501,0.9128130036,1.00729164,0.4784153091,0.145425126,0
e19.10,45.3723,174.5121,137.3237,13,6.5,5.956026025,0.7697195418,0.8613574945,0.3256439387,0.09615572813,0
e19.11,59.1994,217.9641,165.3749,5,2.5,4.991739435,1.252384844,0.9915572182,0.6419638511,0.1453363884,0
e19.12,-4.3473,209.3023,171.9541,10,5,3.209741206,0.8343560451,0.7825562247,0.3673531497,0.08737898562,0
e19.13,-187.5945,296.2827,247.6635,8,4,4.262170271,0.8530641666,0.8763328838,0.4122478708,0.1120313691,0
e19.14,-177.8134,231.032,197.6738,7,3.5,2.653871535,0.8484352987,0.7717612671,0.3748627156,0.1176372805,0
e19.15,-263.0933,345.4858,314.1046,5,2.5,4.788195875,1.22276495,1.329207588,0.5722344631,0.1518083308,0
e19.16,-89.4931,197.8638,153.971,15,7.5,1.726712423,0.9709936566,0.7841246864,0.3475320135,0.09460228151,0
e19.17,202.4525,237.4734,202.5199,2,1,3.535925381,0.7938451027,0.7114157651,0.3558040243,0.0991314359,0
e19.18,-79.2977,229.7544,196.6679,6,3,2.390659415,0.9510262704,0.9296691365,0.4143796141,0.1185408734,0
e19.19,12.8717,252.6836,213.0488,5,2.5,2.18509382,1.193050594,1.404062095,0.5555060609,0.1599781194,0
e19.20,-153.4357,314.9486,262.5725,4,2,3.981688724,0.8893418588,0.8393278399,0.4220870998,0.1089512569,0
e20.1,794.6248,1018.7605,914.886429,1,0.5,41.21969287,1.537834281,0.6249342605,0.2957600912,0.07064897216,1
e20.2,-636.9935,648.3071,636.9935,0,0,23.87780167,0.3369867932,0.173203565,0.1285678291,0.03639211847,1
e20.3,-344.0351,362.455,344.0351,0,0,6.47165087,0.3717333561,0.1847150467,0.1544151541,0.05347520228,1
e20.4,-112.144,154.9341,130.1286,6,3,1.580101484,0.2936298105,0.1717058952,0.1329283341,0.04436503613,1
e20.5,-107.3906,200.3709,153.6834,6,3,2.137341781,0.4579366222,0.2049577186,0.1333913954,0.03555995274,1
e20.6,95.7448,458.0549,376.8052,5,2.5,11.18188753,0.9552868824,0.4305917315,0.2312894245,0.05771264755,1
e20.7,668.0246,686.9957,668.0246,0,0,25.35439449,0.5079662429,0.2272369105,0.151130651,0.03633366956,1
e20.8,-223.1755,305.2024,273.6354,3,1.5,5.691465687,0.4112682618,0.317948846,0.187302741,0.05016728475,1
e20.9,-130.3354,157.3001,133.7252,4,2,2.262542886,0.2720510101,0.1532401423,0.1213776931,0.03573375529,1
e20.10,-25.9522,94.1842,68.8914,10,5,0.8447777187,0.3029053184,0.167264922,0.1475837142,0.04818514199,1
e20.11,72.2063,116.6107,92.8747,9,4.5,0.7051175285,0.2922198408,0.1795136468,0.1430148659,0.04427122904,1
e20.12,-94.8015,160.4893,118.736,11,5.5,2.954397735,0.3632829636,0.1781932322,0.1289557178,0.03683214141,1
e20.13,419.632,638.3099,513.4967,1,0.5,27.11994388,1.201459592,0.3439751805,0.2204387826,0.05340658426,1
e20.14,26.6726,353.7891,305.8579,5,2.5,8.567013547,0.5213072715,0.2592910781,0.157567458,0.04024830761,1
e20.15,-289.2651,311.8816,289.2651,0,0,11.79355272,0.3549790522,0.1972073246,0.1832441743,0.05283714061,1
e20.16,-62.3152,118.4299,88.5557,5,2.5,2.291607035,0.2546743966,0.1543172613,0.1240627026,0.03559286998,1
e20.17,62.9051,111.5964,89.7452,12,6,1.069967432,0.2545865359,0.1542348522,0.1254884759,0.03454389263,1
e20.18,61.065,113.2922,85.8515,11,5.5,0.65843081,0.50269669,0.1967863549,0.1821690388,0.05315536322,1
e20.19,-37.7074,83.7179,49.9238,19,9.5,0.7421485243,0.2987732626,0.1605275899,0.1216685769,0.03507791316,1
e20.20,45.0761,109.1797,85.4237,9,4.5,1.6890942,0.3605096138,0.1912851073,0.1815445797,0.05675310817,1
e33.1,-50.0521,100.3175,72.246,19,9.5,0.6135058339,0.1105387903,0.1411433909,0.311414533,0.2436673327,1
e33.2,7.2928,75.9028,49.4988,17,8.5,0.4650646327,0.1440110322,0.1084334572,0.2171799884,0.1501301118,1
e33.3,-2.4257,92.7764,61.0221,24,12,0.5601808382,0.1554384636,0.09399254335,0.3061818822,0.2413867892,1
e33.4,32.7721,109.5626,81.0808,16,8,0.7689811423,0.2084864418,0.1064352684,0.2947353035,0.2327674286,1
e33.5,-96.9317,268.6784,220.8977,9,4.5,6.154932559,0.4476241886,0.1705944889,0.2008765781,0.1539868548,1
e33.6,-204.2464,280.9347,233.6632,8,4,6.551671042,0.5973417419,0.3077957302,0.2579827228,0.1711728768,1
e33.7,79.6414,186.7136,166.9181,7,3.5,3.197619721,0.2018791365,0.1198498925,0.2939803838,0.2425967872,1
e33.8,42.9369,92.5077,68.7634,12,6,2.123614837,0.08779819631,0.1244563635,0.2859818835,0.2256835154,1
e33.9,-6.8388,117.4949,89.7112,14,7,1.03253875,0.1706213283,0.09051829507,0.2276856297,0.1744758061,1
e33.10,-25.83,135.1787,109.7974,12,6,1.006811374,0.1729659585,0.0961543998,0.308894433,0.2540750243,1
e33.11,91.3031,280.015,224.5029,11,5.5,2.087966536,0.2323674406,0.2205586081,0.2841001889,0.2445198295,1
e33.12,-34.059,157.5969,140.0777,10,5,1.077826766,0.2009793401,0.1196517592,0.1944300117,0.1351935322,1
e33.13,82.8553,161.2493,123.3449,12,6,1.064643317,0.205009459,0.1376918847,0.3014402317,0.2277394551,1
e33.14,161.3766,221.0455,186.8403,14,7,1.595321288,0.2078299153,0.1181112837,0.2830558818,0.2415653538,1
e33.15,117.426,164.784,149.7694,12,6,1.787955497,0.2011927277,0.1554881485,0.3513767813,0.2399304406,1
e33.16,68.2939,131.6299,101.9514,18,9,1.285932026,0.2046005322,0.1156369856,0.2043707656,0.1650790193,1
e33.17,-153.0846,273.6309,212.5671,7,3.5,3.937118677,0.3021191539,0.1403405242,0.2945907061,0.249580424,1
e33.18,-57.9444,142.1225,110.5687,16,8,1.459980778,0.30757491,0.135447222,0.2971703112,0.2274584263,1
e33.19,-124.1842,221.7022,192.3728,7,3.5,3.936567966,0.148486175,0.1307599453,0.2919458676,0.2474328663,1
e33.20,60.5113,131.4906,110.7895,10,5,1.42444304,0.1659081797,0.1136338706,0.1896623475,0.1519356458,1
e38.1,60.5203,90.3701,69.5809,11,5,0.8273944354,0.1212879539,0.03771425634,0.01262557174,0.001775372891,1
e38.2,-54.29,179.463,135.3086,7,3.5,2.458605587,0.2489203972,0.06277079699,0.01619482151,0.002108866674,1
e38.3,-17.6403,138.2911,120.2827,6,3,1.113769005,0.2647876422,0.05223445989,0.01379559004,0.002485995184,1
e38.4,32.8822,117.442,101.318,8,4,2.341685077,0.1405158345,0.02286726229,0.009209526708,0.001266376501,1
e38.5,220.9299,241.3269,221.8748,2,1,3.427101328,0.2207866399,0.04388055097,0.01346345996,0.001721125288,1
e38.6,20.3581,132.9191,110.0881,5,2.5,1.182923424,0.1682419936,0.04489732397,0.01287466624,0.002315248191,1
e38.7,-61.3728,154.3202,123.1146,7,3.5,2.026794677,0.1708962212,0.0260451929,0.01089545403,0.001408401709,1
e38.8,10.9882,147.8248,123.5521,4,2,1.46812274,0.167514431,0.04594278146,0.01313323347,0.002472355953,1
e38.9,11.2141,130.1203,108.2147,9,4.5,1.998885541,0.09102303718,0.03736760897,0.01272210307,0.001792806637,1
e38.10,-56.3732,163.2264,145.4584,6,3,2.34157058,0.2281310597,0.04736870301,0.01633019393,0.002161492947,1
e38.11,-26.227,135.5861,109.3686,10,5,3.048145397,0.1311327701,0.0338057544,0.01228078082,0.001672063021,1
e38.12,81.659,147.9513,123.8167,9,4.5,1.487729118,0.1583703545,0.04117880169,0.01633040251,0.002293917046,1
e38.13,104.698,178.9284,155.6316,2,1,1.656769821,0.100104705,0.03124659439,0.01022602848,0.001744442641,1
e38.14,84.3824,143.413,118.5559,6,3,1.414409082,0.07646823832,0.03419484357,0.01005242504,0.001371332064,1
e38.15,30.0188,208.0585,167.2296,5,2.5,1.494532495,0.204891386,0.03936067066,0.01263984633,0.001492187726,1
e38.16,-48.9459,113.3977,96.7252,6,3,1.240344112,0.09905368726,0.02954278257,0.008928393458,0.001165696543,1
e38.17,-160.9119,209.9226,168.2955,5,2.5,2.343538269,0.06725044573,0.01756382403,0.00946706186,0.001258982212,1
e38.18,6.3051,85.0222,63.1098,17,8.5,0.4874244137,0.09603896366,0.03501208268,0.01154383562,0.001317329447,1
e38.19,-68.1767,118.1296,99.3618,6,3,1.016923558,0.1308885385,0.04729650335,0.01226602254,0.00141889387,1
e38.20,-170.0624,189.0828,170.0624,0,0,1.725548104,0.0849280306,0.02959281481,0.01068440845,0.002041615269,1
e40.1,-14.647048,106.0399,51.920157,70,35,0.2722523876,0.2814101564,0.4739827181,0.5660581181,0.154524026,0
e40.2,-11.245413,101.369569,48.809487,62,31,0.3078562284,0.2672306979,0.4520018972,0.5362236725,0.1414213684,0
e40.3,19.608311,103.690929,50.889315,38,19,0.6673101822,0.258796551,0.4611891258,0.5281541113,0.1337215694,0
e40.4,-15.887419,107.772014,57.383499,49,24.5,0.3620125146,0.2584343099,0.4907337185,0.5692330055,0.16482017,0
e40.5,5.621496,108.947336,53.079583,40,20,0.6014246642,0.3206477422,0.5228918965,0.5856405533,0.1773775674,0
e40.6,37.332334,107.757408,59.934035,16,8,0.8544483791,0.2675822646,0.4829248415,0.5679080885,0.1657796354,0
e40.7,13.982829,106.250146,46.882512,55,27.5,0.3676031027,0.2708904862,0.5042882598,0.5790066542,0.1643864141,0
e40.8,10.798751,105.581785,46.22761,45,22.5,0.4150354026,0.2603947544,0.4806682789,0.5712569183,0.1574674974,0
e40.9,7.370295,104.289537,45.750861,58,29,0.491743321,0.2893115659,0.5098766448,0.567032206,0.1564675171,0
e40.10,0.724382,102.949878,42.326766,69,34.5,0.3147927586,0.234940427,0.4658772267,0.5623880613,0.1569697616,0
e40.11,8.285822,103.405171,46.54603,64,32,0.3060376551,0.2392617683,0.4213412053,0.5519239898,0.1531335973,0
e40.12,-23.728404,108.445443,58.730753,23,11.5,0.8027337073,0.2128602011,0.4288170967,0.555763568,0.155249506,0
e40.13,-39.146326,111.880212,70.445543,6,3,0.948504045,0.2391306434,0.4080838683,0.5493084827,0.1559845213,0
e40.14,-30.876784,83.036876,48.194354,28,14,0.3724234376,0.1165480864,0.2114965015,0.2856219473,0.08470809328,0
e40.15,-13.420981,103.669106,51.858015,43,21.5,0.393090185,0.287045814,0.3726522948,0.5108696039,0.1778795618,0
e40.16,9.406388,105.124629,46.996066,74,37,0.3830179084,0.2593710402,0.3813723985,0.554658305,0.1697975267,0
e40.17,32.431048,107.168655,53.78348,43,21.5,0.6756506452,0.2556831024,0.4116369791,0.5430652177,0.1513781736,0
e40.18,20.18886,105.830422,52.694716,48,24,0.6197453806,0.2503787245,0.4279730337,0.5599348213,0.1537574797,0
e40.19,19.738845,124.861144,70.620037,46,23,0.5317813035,0.1927598126,0.4135619758,0.5306892405,0.1417611168,0
e40.20,-27.318389,116.803766,75.864988,15,7.5,0.5083336069,0.269283426,0.460638296,0.5272425366,0.1384257249,0
e41.1,94.682,276.7891,166.2005,15,7.5,3.381915432,2.694583432,1.46924251,2.114613599,1.575897465,1
e41.2,-19.0333,216.2599,126.1009,21,10.5,3.113285807,1.605597342,0.8732017537,1.437620371,1.044774479,1
e41.3,-1.587,246.3643,132.5702,17,8.5,2.555216547,2.45957082,1.398497359,2.002677441,1.446884119,1
e41.4,-213.2322,332.4862,284.3957,6,3,4.331429346,2.488935383,1.294070621,2.190095723,1.613699035,1
e41.5,-171.726,344.3183,267.7614,16,8,6.614750717,2.826618135,1.596030644,2.156149185,1.566301865,1
e41.6,6.863,300.5348,229.4357,9,4.5,4.556290779,1.924866011,0.8643517295,1.481824909,0.991826278,1
e41.7,211.5464,338.9317,219.4189,8,4,5.987685135,2.640812494,1.395978461,2.084374182,1.507907733,1
e41.8,62.5277,255.6122,144.1351,22,11,7.783256898,2.793379259,1.601862442,2.124415662,1.476471424,1
e41.9,10.9137,218.3628,120.7894,16,8,3.236451335,1.945952051,0.8276814775,1.45928813,1.004922716,1
e41.10,-267.5034,379.0355,335.1507,7,3.5,6.924922474,2.703026413,1.427044296,2.101368851,1.50722296,1
e41.11,-108.7889,273.1851,193.9436,14,7,3.728253393,2.671511402,1.388976984,2.206569882,1.555246019,1
e41.12,33.8776,229.8096,126.4277,19,9.5,1.730187644,1.837377861,0.8500539137,1.486082449,1.09139845,1
e41.13,267.0156,355.8818,270.725,6,3,4.839737287,2.604053627,1.268310957,1.831121358,1.256523701,1
e41.14,162.2337,324.676,212.9273,9,4.5,3.867045218,2.682431414,1.300292401,2.130726427,1.457464901,1
e41.15,32.9823,246.6861,146.1607,15,7.5,3.264248583,1.86413612,0.8163033435,1.423006788,1.011923762,1
e41.16,-32.7346,276.1501,176.0474,12,6,4.485666825,2.888809304,1.426836586,2.001042787,1.311811871,1
e41.17,-176.3364,325.0555,257.7955,11,5.5,4.16686988,2.876807912,1.4239158,2.107865992,1.483817769,1
e41.18,-317.8216,407.9646,362.4966,7,3.5,9.654144993,1.999322662,0.8738533297,1.497389872,1.036221454,1
e41.19,22.3966,229.4463,117.9416,12,6,4.369838439,2.901781349,1.428568504,1.950409941,1.270849097,1
e41.20,162.3696,298.6871,172.6371,18,9,4.251297602,2.87380045,1.486104063,2.190987724,1.48451233,1
e42.1,173.709171,329.490273,280.160037,5,2.5,6.422215111,0.4440450188,0.4932167095,0.8014231782,0.4341549792,0
e42.2,33.954702,449.313026,335.82739,8,4,5.625144876,0.7868287149,0.6174505796,0.8191508093,0.4528743088,0
e42.3,1583.613973,1777.904823,1614.701129,3,1.5,201.1944103,1.633190893,1.169499085,1.78756944,0.9217351524,0
e42.4,-1236.487772,1254.378466,1236.487772,0,0,190.8335961,1.033243566,0.8008816915,0.7099773918,0.3377912385,0
e42.5,-810.818832,862.020011,816.061038,2,1,57.23801748,0.7517616937,0.4941027647,0.8023427354,0.4347120332,0
e42.6,-352.336648,378.81961,361.42963,4,2,20.82667148,0.3134257241,0.2770869465,0.5389523794,0.2863033329,0
e42.7,99.006056,322.546326,264.260191,7,3.5,13.68235488,0.6069099037,0.5764500966,0.748140504,0.4225641192,0
e42.8,358.432429,472.677251,411.587587,3,1.5,18.95043982,0.4631705979,0.3686050517,0.5779040246,0.3145759317,0
e42.9,-523.057293,613.003069,537.776226,3,1.5,31.3899228,0.8396843412,0.6039096148,0.6809160752,0.3721449289,0
e42.10,-454.787923,542.597556,470.760273,4,2,21.77601352,0.5820669172,0.5762612092,0.8096128246,0.4912972536,0
e42.11,126.287574,235.80128,167.916536,21,10.5,5.431782073,0.5711158223,0.5206607161,0.7207236681,0.4346630543,0
e42.12,644.390036,683.810254,644.390036,0,0,35.47243179,0.5991800113,0.4770869656,0.8312611029,0.4799440231,0
e42.13,534.381003,570.423965,535.037827,2,1,18.22474856,0.4539510476,0.5321540009,1.030781973,0.5843389199,0
e42.14,62.207409,301.066014,235.285147,7,3.5,5.89073939,0.3748825902,0.5228647077,0.7857356313,0.4987755839,0
e42.15,-167.216679,275.077578,217.235641,13,6.5,5.033685286,0.6395450671,0.6617714513,1.060488108,0.6522110735,0
e42.16,23.057257,207.626979,139.657707,18,9,9.844076018,0.4489071065,0.6374076405,1.045791517,0.631748041,0
e42.17,217.713307,275.548367,228.020558,8,4,7.987546699,0.4210925489,0.5178958787,0.8095735442,0.4790325658,0
e42.18,304.66412,458.527973,353.720747,10,5,12.49956534,0.5320792465,0.967545617,1.272933949,0.7363123441,0
e42.19,197.122273,254.84049,201.990622,6,3,7.231907902,0.5054223451,0.6147147681,0.8533391303,0.4629625902,0
e42.20,193.166933,282.300492,214.287301,8,4,5.715525894,0.5684569787,1.074501508,1.280489735,0.7015437979,0
e27.1,-43.1016,222.4066,159.1477,17,8.5,11.63561342,1.959376197,1.181051196,0.4527558513,0.2239709146,0
e27.2,-34.2933,235.1542,168.9551,23,11.5,7.901288606,1.707195448,0.6972443313,0.3707404961,0.2755007411,0
e27.3,2.9386,251.5287,212.211,7,3.5,5.524059899,1.225938166,0.7633543037,0.3753743152,0.2316580431,0
e27.4,216.3422,281.658,226.1792,11,5.5,6.169203619,1.769965473,0.5346477136,0.4668027453,0.2692553986,0
e27.5,263.3666,349.2309,300.552,3,1.5,6.609664139,2.299567757,0.3565582296,0.34491159,0.1932670487,0
e27.6,338.0792,390.5964,338.878,2,1,9.700193374,1.339608382,0.5735855557,0.4188376651,0.2704576721,0
e27.7,248.9918,333.9969,270.0449,4,2,8.655955671,1.969928029,0.5060577906,0.3486520196,0.1991029844,0
e27.8,163.4383,343.0683,255.93,13,6.5,8.393498961,1.133418097,0.5401897311,0.4682367001,0.3035801531,0
e27.9,-180.4664,278.2975,223.2214,9,4.5,8.26327453,1.828228683,0.4427597663,0.3406418886,0.1874349907,0
e27.10,-89.1235,236.4109,192.9032,10,5,5.161935235,1.35919792,0.5317922815,0.3946110208,0.2054035383,0
e27.11,165.208,246.9707,177.257,11,5.5,7.831068949,1.289036817,0.3603840636,0.3057467684,0.1785039819,0
e27.12,-217.4969,292.9786,243.8361,7,3.5,6.183874478,1.310729932,0.3918655567,0.3231026945,0.1729032688,0
e27.13,-80.2109,189.34,144.7475,16,8,5.658609459,1.672527845,0.4656540673,0.4267563016,0.272033152,0
e27.14,98.1677,254.8582,203.5561,12,6,10.79915549,1.886131929,0.3042043561,0.2956240878,0.1834396739,0
e27.15,-41.7355,177.1733,145.6465,18,9,10.5696639,1.492174325,0.5683405977,0.443635976,0.2645114973,0
e27.16,-366.301,439.0873,389.6101,6,3,10.84177472,2.219094946,0.3538072553,0.2773585526,0.1605339571,0
e27.17,-390.3819,440.7228,393.9836,8,4,11.82230154,1.368414546,0.3069799799,0.3130122265,0.1816371818,0
e27.18,-109.8034,266.0484,223.6247,14,7,5.339487851,1.72527587,0.5327905859,0.3895616753,0.2526662268,0
e27.19,355.9594,425.5301,369.6789,1,0.5,13.22532976,1.446823546,0.3921001163,0.304145065,0.1783011507,0
e27.20,33.4115,227.5605,178.5915,8,4,7.000524713,1.369707504,0.2606832859,0.2937449649,0.1784544039,0
e79.1,167.8792,282.2241,213.2343,12,6,4.488683101,0.4421072501,1.733965298,1.999753482,0.527384906,0
e79.2,308.2737,375.0419,323.346,6,3,6.016758972,0.2780038553,1.74555657,1.862589374,0.4949839663,0
e79.3,82.8409,232.0998,158.1149,23,11.5,45.18427306,2.722415622,12.2445654,16.52918942,4.645483451,0
e79.4,251.0546,345.4215,303.283,7,3.5,5.583333462,0.2058472895,1.504862228,1.658337209,0.4662895381,0
e79.5,298.0481,393.1951,313.1714,10,5,6.950452946,0.1798829711,1.65836468,1.766854529,0.4680151935,0
e79.6,194.6492,315.361,245.0489,14,7,6.496871835,0.2106939118,1.58515468,1.670102155,0.4357138194,0
e79.7,18.2326,304.5346,241.6502,10,5,7.480800846,0.286885152,1.49934151,1.670835403,0.4146042887,0
e79.8,80.6972,288.3222,210.6545,15,7.5,5.006264437,0.2351223214,1.578725177,1.746152745,0.4446841031,0
e79.9,-161.9503,263.5395,220.4524,8,4,4.913244518,0.344253269,1.672511078,1.695018715,0.433527374,0
e79.10,178.1736,332.8283,243.9731,15,7.5,4.81908432,0.6689763537,1.979095642,1.779473065,0.5597705807,0
e79.11,-25.5969,238.5854,174.0551,22,11,4.660986212,0.7325976167,2.058957401,1.672084715,0.5691624178,0
e79.12,223.7495,300.0219,245.3679,12,6,4.099220399,0.2702928842,1.482362507,1.710061636,0.452730689,0
e79.13,-94.4631,238.7656,182.6055,11,5.5,3.596803963,0.2226294816,1.587949859,1.705057639,0.4205475315,0
e79.14,-5.1876,341.124,286.4013,8,4,9.648344146,0.2444803256,1.773145169,1.859992776,0.4914836992,0
e79.15,90.8692,256.0452,176.7956,18,9,4.192518832,0.3707077615,1.705043544,1.793206306,0.505514041,0
e79.16,-65.4751,225.4279,174.2968,14,7,5.295828997,0.3782896068,1.729152086,1.777065395,0.4782349527,0
e79.17,-30.2378,362.7599,287.2941,9,4.5,7.303953308,0.2992085013,1.772870903,1.816091895,0.4884071591,0
e79.18,230.3361,341.0276,247.8664,20,10,6.607546879,0.3521966432,1.782237026,1.848659693,0.4930976177,0
e79.19,-192.7512,347.0253,286.9282,15,7.5,6.540127967,0.3318692764,1.808746628,1.882564833,0.522730768,0
e79.20,-317.8633,386.922,350.0126,6,3,7.158011631,0.1625001329,1.762889112,1.777727767,0.4824028597,0
e76.1,98.4753,320.9726,240.95,12,6,5.233684098,0.7774181306,0.1683392963,0.04719895234,0.03368752627,1
e76.2,403.1652,497.6371,425.9816,4,2,8.959621475,0.91146764,0.1723746838,0.03703799475,0.04829942558,1
e76.3,529.0028,623.1808,529.6903,4,2,14.04831441,1.303943105,0.1054168749,0.03855395143,0.03541326082,1
e76.4,176.7691,444.906,377.9578,8,4,6.92171042,3.274838914,0.1404988354,0.04512478734,0.04936570688,1
e76.5,-120.5525,502.971,414.8648,10,5,7.208986355,2.831572867,0.1974757972,0.06351179364,0.03336668718,1
e76.6,94.2945,413.4848,340.3919,9,4.5,4.639198376,2.023006769,0.4145483563,0.07253079433,0.04827809599,1
e76.7,134.6341,446.8021,352.2911,12,6,7.160802432,1.799172521,0.2097074722,0.02717900247,0.02984415521,1
e76.8,-49.9243,265.5672,222.6524,13,6.5,3.006021675,0.8978077444,0.167599108,0.04863113647,0.05000308164,1
e76.9,460.6418,698.8934,616.6443,1,0.5,15.11329601,1.485855389,0.1119680248,0.03541980044,0.03154465493,1
e76.10,424.4756,630.4235,512.5265,5,2.5,11.11655446,1.061476558,0.1399890259,0.03565806006,0.03725693758,1
e76.11,55.1646,418.4584,293.6362,11,5.5,5.042652182,0.9403347787,0.3115280515,0.05216230615,0.03879525169,1
e76.12,12.3774,409.4106,359.0908,6,3,4.849215265,1.301341963,0.2301143642,0.04737917209,0.03341008468,1
e76.13,179.5559,503.8782,353.0657,11,5.5,7.224950133,2.993902019,0.4402406241,0.08607500157,0.05294770289,1
e76.14,224.4632,425.4601,307.8108,8,4,5.562955824,0.7429093777,0.1049569566,0.02604571882,0.03464538053,1
e76.15,36.1604,206.2526,179.1575,9,4.5,2.651431462,0.5176978926,0.08091072985,0.0366488677,0.04325022462,1
e76.16,310.3141,453.0634,35.4625,3,1.5,8.019066771,0.8966671917,0.1648764279,0.0464095411,0.0307443611,1
e76.17,102.5039,236.1623,184.9599,9,4.5,3.161429507,0.7527599742,0.1406341428,0.03465937142,0.04320144814,1
e76.18,28.8732,486.8088,234.6932,9,4.5,3.724395946,0.6583808784,0.1153656522,0.02496194523,0.02924590477,1
e76.19,-308.6802,553.6233,483.5702,7,3.5,11.46678834,1.262210063,0.2081072718,0.03837647995,0.04141622574,1
e76.20,31.6097,410.4252,332.5335,10,5,5.778220844,1.722510426,0.2134576195,0.03051476782,0.02671834382,1
e28.1,182.4236,433.9508,354.1602,65,32.5,36.87973581,1.933696877,1.36540253,0.8311896507,0.2144061861,0
e28.2,-210.8892,442.0177,358.1789,62,31,39.45244127,1.165863151,0.9179758381,0.5843325602,0.1611229363,0
e28.3,-227.5743,475.1318,390.1729,54,27,32.39706541,1.861169404,0.9029813919,0.817919223,0.1739405978,0
e28.4,374.4261,509.3013,417.1258,45,22.5,31.03743739,1.42372285,1.131787073,0.6743820323,0.1901270052,0
e28.5,514.9463,687.7671,585.0994,33,16.5,27.78063701,1.140774363,0.8196482261,0.4291024995,0.1326682703,0
e28.6,-167.7945,381.1062,314.3515,65,32.5,50.15202777,1.129179942,0.9042090732,0.5168661964,0.1978238932,0
e28.7,-234.908,395.5847,324.0561,64,32,44.2698466,0.7906097307,0.8977163136,0.6216587418,0.1755992707,0
e28.8,38.6901,344.7642,282.3295,79,39.5,17.18855714,0.6147651912,0.8902296734,0.6152599706,0.1622685911,0
e28.9,177.35,396.9584,318.3233,73,36.5,11.98759381,0.6031371665,1.305436453,0.7330105365,0.1424625183,0
e28.10,-150.7511,358.3163,293.6061,72,36,10.45623943,0.5573424917,1.25028851,0.715308479,0.1436426046,0
e28.11,-199.2395,420.753,346.0786,57,28.5,16.37721594,1.519114469,1.022431068,0.6336741184,0.1655990969,0
e28.12,31.3313,368.3382,300.5131,69,34.5,33.93741463,1.507596797,0.8685535257,0.410011499,0.1028322335,0
e28.13,158.1657,361.1523,284.0573,86,43,34.49946936,1.980957348,0.9658804163,0.5729617172,0.1399109306,0
e28.14,110.8134,538.7697,448.2352,40,20,53.39233069,1.421835381,0.9236070117,0.7333592605,0.160240996,0
e28.15,193.4904,583.5645,479.1894,44,22,43.50754925,2.52894768,0.9592616407,0.524226474,0.1323758715,0
e28.16,-94.2722,581.3936,489.0947,36,18,16.63129951,2.454777087,1.464920196,0.7887708619,0.1998948255,0
e28.17,-12.7158,333.332,273.302,77,38.5,26.65305895,2.646358223,1.047473263,0.6081673076,0.1525095888,0
e28.18,234.3559,537.1108,417.342,55,27.5,36.90186372,1.755371417,1.049402255,0.7912576805,0.1730703958,0
e28.19,203.2655,409.8804,325.8655,67,33.5,21.18803476,1.786733888,0.9144799272,0.5624175395,0.1374988777,0
e28.20,273.7462,539.1872,441.2075,44,22,17.11186629,1.92605845,1.119050976,0.6931670979,0.1530757292,0
e34.1,375.4161,1181.1133,946.6631,3,1.5,33.50782342,4.23481412,1.962490913,1.090959735,0.3459301322,1
e34.2,184.8882,1336.1803,916.0336,9,4.5,45.05277503,9.137107035,2.585346997,1.646862655,0.5104987661,1
e34.3,31.0005,1332.5747,743.7381,9,4.5,40.15217295,15.35005073,2.098730814,1.053387645,0.3219408918,1
e34.4,-472.0539,838.3311,714.0105,4,2,36.69972806,5.682395886,2.220728242,1.558829034,0.5192072873,1
e34.5,380.1255,1635.4783,1097.252,6,3,65.71858495,7.107504591,1.515134028,1.031768977,0.3303576921,1
e34.6,33.9765,1307.1795,1020.1315,13,6.5,41.77943449,8.101517976,2.208049335,1.510044674,0.5215932624,1
e34.7,-327.4704,1017.2218,849.2235,4,2,34.15048938,6.446300362,1.602763996,1.081760359,0.3160056628,1
e34.8,130.5539,1028.7294,723.0284,8,4,34.0305882,7.260224558,2.244222543,1.517181805,0.495584095,1
e34.9,-35.99087,881.6203,641.8628,10,5,28.66209862,5.525759285,1.667207677,1.197003663,0.3193178707,1
e34.10,-115.1463,1200.7306,938.4162,2,1,35.92671383,4.876282933,2.208086546,1.499045147,0.5186884496,1
e34.11,156.883,1330.2726,1104.2676,3,1.5,42.35286038,4.424525773,1.938165445,1.157115999,0.3647637767,1
e34.12,-266.6719,1058.3114,868.4252,6,3,30.43573754,5.000001107,2.064114298,1.538917626,0.5345284719,1
e34.13,165.8303,1351.4003,920.158,5,2.5,54.06475512,8.349976268,2.141830124,1.122159952,0.3223913026,1
e34.14,42.2652,1032.4439,758.2076,16,8,30.89230657,6.242340125,2.260334155,1.562888919,0.5275174525,1
e34.15,-159.7711,1112.8618,876.0403,4,2,36.74377703,6.879205385,1.457298116,1.045466558,0.3244709496,1
e34.16,23.5708,1081.5052,770.4005,8,4,30.24644008,5.913706628,2.067912552,1.517699138,0.5457696928,1
e34.17,90.3559,957.7019,675.5192,13,6.5,28.48378616,6.227704511,1.511019875,0.9610867131,0.2998534574,1
e34.18,-1.3218,1192.6273,850.2885,13,6.5,34.1804775,7.075886707,1.845523894,1.549071892,0.4914435362,1
e34.19,231.325,1409.3159,1142.6023,5,2.5,43.17899836,14.96622961,1.873626953,0.9743398818,0.3302391856,1
e34.20,-91.2592,1131.1403,925.3988,5,2.5,26.85707531,6.181087935,1.812983365,1.395641746,0.5170121062,1
e78.1,-387.6445,968.6899,784.3525,7,3.5,22.89628016,1.968716876,0.6586084928,0.4036088801,0.1477289852,1
e78.2,-116.0488,953.8571,822.0565,3,1.5,21.23116992,2.930649515,0.6956137437,0.2378096701,0.07028808479,1
e78.3,488.1959,734.9935,622.8309,7,3.5,18.09031201,1.452515791,0.4955942425,0.3628256157,0.1236115888,1
e78.4,-354.1345,722.1859,576.2403,12,6,15.33923957,4.085089494,0.9623728377,0.2305806659,0.07953239851,1
e78.5,467.9048,913.8041,792.7477,3,1.5,22.29202776,1.395986202,0.6746358131,0.416574484,0.1425755647,1
e78.6,288.91,454.7816,361.6153,9,4.5,12.21625196,1.842681286,0.7490220338,0.2441609771,0.07536422639,1
e78.7,86.7786,415.7819,336.3072,9,4.5,5.819691049,1.195451208,0.685308559,0.2380968226,0.07471620606,1
e78.8,-87.0968,493.3582,362.4076,16,8,8.850569175,1.063632529,0.6956758694,0.3839823427,0.1409765143,1
e78.9,160.9752,364.5367,290.1954,11,5.5,5.484994013,0.8178151642,0.4807596639,0.210352946,0.07481570196,1
e78.10,-52.2249,414.9629,326.4893,14,7,4.798382183,1.263447309,1.089581062,0.3923805464,0.1290728823,1
e78.11,-183.1707,780.0865,552.6522,7,3.5,15.46262838,1.76370006,0.4531536466,0.1967206918,0.06517911582,1
e78.12,331.1607,420.9862,385.6653,6,3,6.647881027,0.9253539297,0.5405831256,0.3733460836,0.1313880211,1
e78.13,-564.4361,686.7737,569.0778,3,1.5,18.63780633,1.121906189,0.535207504,0.2167352447,0.07492344259,1
e78.14,-511.3613,653.0334,545.3274,7,3.5,17.17692266,1.224407488,0.5428442661,0.3093040373,0.1348933723,1
e78.15,184.3033,399.5189,330.8343,12,6,7.928587864,1.199581026,0.6877925584,0.2457494398,0.08074537217,1
e78.16,455.9323,569.4601,493.0456,6,3,11.66032695,1.351579567,0.4301143728,0.2136789985,0.06961769087,1
e78.17,107.1304,511.298,429.6119,6,3,7.403638262,1.399416768,0.5995113113,0.3966427932,0.1382973907,1
e78.18,-965.6297,1395.293,1158.9084,7,3.5,50.83376775,4.841806771,1.755079943,0.3843549744,0.08297010777,1
e78.19,-24.8094,766.5501,571.2937,8,4,11.53960665,2.295826738,0.9552903985,0.4262304443,0.1456369902,1
e78.20,191.8166,779.914,625.1307,5,2.5,13.98043535,1.896533404,0.6891559135,0.2278377647,0.08250751287,1
e48.1,353.2587,625.0398,388.2954,16,8,17.59394503,0.7317642779,0.4834237745,0.2761415526,0.2596691248,0
e48.2,492.6268,602.7754,495.1232,4,2,16.90905522,0.5737216657,0.4135196698,0.2000093824,0.1441069562,0
e48.3,404.1932,481.8414,431.0863,4,2,14.23440277,0.4070814901,0.3758117377,0.3013084695,0.2375080864,0
e48.4,-126.7054,345.6537,288.1939,7,3.5,11.45446325,0.9686397621,0.5007230321,0.3025998332,0.2315699245,0
e48.5,353.4322,560.5472,425.5535,13,6.5,24.45060061,1.033912248,0.6462570156,0.2938981698,0.2498059029,0
e48.6,284.2199,427.7305,331.4681,14,7,30.3349047,0.5465709093,0.3393000702,0.1832508237,0.1309345939,0
e48.7,26.9027,183.9322,144.3447,21,10.5,24.08487461,0.4491481025,0.3304466556,0.2418067049,0.1867745096,0
e48.8,-71.8525,153.7667,126.1925,18,9,21.73961376,0.596190578,0.4038854965,0.340214393,0.234072198,0
e48.9,35.6246,194.1488,139.698,18,9,40.36482848,0.7066034485,0.3666413033,0.3477028528,0.2153357137,0
e48.10,-500.4751,603.4927,510.2266,11,5.5,28.31773691,0.5150194382,0.3462977073,0.2910278889,0.1415781185,0
e48.11,-86.1517,400.7556,341.1509,8,4,23.75087965,0.6958448596,0.3365405585,0.1933027427,0.1046009038,0
e48.12,-131.3772,296.073,260.7795,7,3.5,31.43772944,0.7722461458,0.3956980997,0.3158153256,0.1643407548,0
e48.13,485.8277,513.2839,485.8277,0,0,18.42736083,0.4384783308,0.296934997,0.2637436735,0.1696849837,0
e48.14,163.3942,267.3006,230.9967,10,5,29.01527869,0.6775760054,0.3977025927,0.3873125225,0.231844539,0
e48.15,191.4912,270.9824,213.4089,14,7,29.32953035,0.7433392108,0.5225514405,0.4131379162,0.2567243159,0
e48.16,-53.9085,334.8403,284.8795,7,3.5,22.52219597,0.5713339429,0.2987015908,0.2034065436,0.119390018,0
e48.17,-725.1463,760.7253,725.1463,0,0,30.74090222,0.3389379638,0.2809814712,0.1993292144,0.1480486919,0
e48.18,-347.3921,453.7086,355.9998,8,4,15.96645886,0.4631677471,0.1561087041,0.2625305186,0.1620022819,0
e48.19,-583.0627,597.7323,583.0627,0,0,20.80958462,0.6357586366,0.1834800924,0.2020587614,0.140580006,0
e48.20,-40.9189,469.1411,385.5139,5,2.5,13.70929066,1.282340627,0.2885639101,0.2130654934,0.1413038369,0
e36.1,-102.742,342.2227,233.775,5,2.5,8.611483012,0.3824663565,0.08986890581,0.02327073673,0.008137525577,1
e36.2,371.459,752.1878,566.6001,3,1.5,19.80707567,0.3680219952,0.0676254305,0.01809956887,0.004148527895,1
e36.3,-535.6931,811.2532,681.0597,4,2,26.77445844,0.8851459703,0.3039903496,0.08241082214,0.0191673616,1
e36.4,100.2581,606.1035,438.3424,6,3,20.93595595,1.025724393,0.1881730508,0.05814976329,0.01517271119,1
e36.5,-87.8802,330.5257,265.3677,6,3,7.45144874,0.5982629939,0.08844432718,0.02222269298,0.00454049591,1
e36.6,-56.0323,353.9426,289.9021,5,2.5,10.05212552,0.4400017028,0.1469659206,0.05214679037,0.01020733695,1
e36.7,-346.3055,460.6727,429.459,2,1,10.54806084,0.3164413605,0.09536952304,0.02237593267,0.005063480834,1
e36.8,-323.4715,710.2847,606.3963,2,1,25.33689645,0.3585026475,0.1221131727,0.03381432474,0.006574858145,1
e36.9,548.0769,688.2776,548.0769,0,0,21.4739581,0.8193750329,0.1652973417,0.05784290211,0.01387513661,1
e36.10,77.2864,338.8607,305.69,5,2.5,12.6961428,0.666495932,0.1171049289,0.04831288607,0.01092975477,1
e36.11,-234.4175,540.578,473.3388,5,2.5,18.54142758,0.3802973632,0.07763424251,0.03853161824,0.01180794153,1
e36.12,-2.462,201.1893,166.2948,2,1,11.0167246,0.357241713,0.08558531038,0.02842724081,0.006946516975,1
e36.13,-19.1501,272.7099,246.043,1,0.5,15.92001052,0.2418890812,0.09487142511,0.04135282353,0.008756829448,1
e36.14,-39.0068,356.9304,313.026,5,2.5,9.273713097,0.2517005304,0.1080027858,0.03752126807,0.009578285314,1
e36.15,103.7622,304.6613,267.8729,5,2.5,11.82220982,0.4587193768,0.1349018205,0.05359814129,0.007280097822,1
e36.16,-47.9976,257.2106,217.774,7,3.5,17.17819356,0.6417366862,0.1486090814,0.05102114835,0.009339093616,1
e36.17,-214.5578,484.9619,398.2468,2,1,16.45281689,0.5549180765,0.1224400042,0.03458525722,0.00972177844,1
e36.18,-37.6305,138.7125,119.0898,15,7.5,9.396554663,0.3130171958,0.05615643016,0.03376911152,0.008357783738,1
e36.19,158.4733,355.7368,25.9656,18,9,7.197032092,0.2815613018,0.08788386487,0.0412428933,0.01134105859,1
e36.20,45.814,734.9878,590.9783,5,2.5,28.65083348,0.8268349876,0.2336932364,0.08466021668,0.0204628361,1
e68.1,-49.4287,216.3837,151.4919,22,11,3.560435118,0.5696274057,0.5510366828,0.6672104265,0.2173191015,0
e68.2,-47.3419,307.857,260.0814,9,4.5,5.547344162,0.7978503809,0.6416928797,0.6461923221,0.2152181889,0
e68.3,-56.5705,260.8597,207.3933,10,5,4.200822693,0.6213164928,0.5612317795,0.6431899523,0.2081687203,0
e68.4,49.0696,267.0095,209.6999,11,5.5,4.668435877,0.8257477283,0.5414978074,0.6718966053,0.2249509231,0
e68.5,-288.0885,387.5104,344.3069,6,3,7.988514956,0.9569079943,0.5910030511,0.368958696,0.1179255639,0
e68.6,169.4262,419.3395,363.2631,7,3.5,7.046592696,1.012213033,0.6459991645,0.5722906268,0.1848757341,0
e68.7,76.1224,259.4889,179.984,16,8,4.650432611,0.5797249913,0.5784294355,0.6703842801,0.2237777251,0
e68.8,65.4263,295.0418,232.754,13,6.5,4.253986913,1.051032672,0.5974266377,0.6599505023,0.2162381093,0
e68.9,-85.6277,320.363,257.9795,11,5.5,6.118425808,1.733882859,0.5956858768,0.7058045415,0.2303440567,0
e68.10,111.8643,406.4578,312.381,11,5.5,5.155479433,1.085350178,0.58122965,0.6590380602,0.2207648068,0
e68.11,-87.2604,200.4738,166.5455,11,5.5,7.778526165,0.5983108406,0.3521310337,0.3633333633,0.1233641216,0
e68.12,-141.9004,452.2097,399.0773,7,3.5,7.526842881,0.963816744,0.580462307,0.6550143981,0.2143754425,0
e68.13,2.5411,466.8386,356.1251,9,4.5,7.989132803,0.6662113232,0.6534513927,0.7072278033,0.2398757466,0
e68.14,178.5064,277.75,234.6592,15,7.5,4.19528045,0.9958548104,0.5679804754,0.6621214336,0.2068264228,0
e68.15,112.6439,305.6439,210.9695,11,5.5,4.866079167,1.083171511,0.5915014055,0.6794768847,0.2161583243,0
e68.16,-188.2782,321.4109,283.8435,5,2.5,6.729581241,0.8683438792,0.3830083539,0.3435027699,0.1121837711,0
e68.17,147.9209,277.6561,196.8428,16,8,4.238622404,0.7983372385,0.6717893752,0.6781777878,0.2194890979,0
e68.18,-146.494,583.3746,465.2715,9,4.5,11.55457874,2.016636247,0.6943287391,0.6728049397,0.2193521891,0
e68.19,-133.8538,294.9189,215.7426,16,8,5.407220035,1.119322511,0.6431619493,0.6633036934,0.2147013023,0
e68.20,-170.4892,387.9402,304.3998,8,4,7.696411694,0.9724006554,0.5875967991,0.6821207185,0.2249998615,0
e49.1,189.0314,400.9529,311.0782,8,4,7.118869146,0.406673963,0.2273970792,0.1356471204,0.05323607189,0
e49.2,-87.7896,509.8438,441.3516,3,1.5,8.311759126,0.4599398593,0.2487101839,0.1478970648,0.04811571546,0
e49.3,-54.6137,594.272,421.4231,8,4,18.91503621,11.6438908,4.278361538,0.506056443,0.1036958157,0
e49.4,408.4806,449.8951,408.4806,0,0,16.17675085,0.9095872653,0.2693653468,0.2739982279,0.0707284059,0
e49.5,-280.5342,469.7656,338.6136,7,3.5,12.99215789,0.8020436594,0.2877376244,0.1553130632,0.04499516921,0
e49.6,30.6804,287.6708,221.5084,12,6,5.017299549,0.4731480476,0.2656698374,0.1465259588,0.0500273774,0
e49.7,177.1229,330.6155,300.6423,5,2.5,3.988715836,0.4388453677,0.3506618594,0.1220012664,0.02505004912,0
e49.8,85.8302,169.1083,134.3457,22,11,1.708929622,0.5191317635,0.3895153526,0.1461010273,0.04542106171,0
e49.9,-81.4119,270.0682,216.1693,15,7.5,5.643570692,0.6084023442,0.5129591883,0.1525774617,0.04445846107,0
e49.10,-387.9279,523.4301,396.7718,4,2,14.20159545,0.5063598205,0.352980243,0.1380516372,0.04518510412,0
e49.11,-8.0446,545.1574,452.8642,6,3,13.01295284,0.7163502738,0.3302735518,0.1350716542,0.04753812067,0
e49.12,-63.6664,373.5528,304.6976,10,5,7.352727262,0.5476269145,0.3195937023,0.1354809428,0.05040023648,0
e49.13,15.8567,442.4879,382.8157,5,2.5,6.362271695,1.73432448,0.4125720783,0.1260138821,0.04588053483,0
e49.14,285.0001,348.5572,295.0356,6,3,6.843528907,0.5351326667,0.1161468108,0.08149144574,0.03036945634,0
e49.15,135.9988,235.5296,191.5968,7,3.5,3.229467164,0.4123070459,0.2287184532,0.1459360088,0.04841162026,0
e49.16,-39.1212,366.9761,311.0699,8,4,5.182908431,0.5653348135,0.2634046986,0.1511364554,0.04619928343,0
e49.17,36.1932,459.2445,397.9656,8,4,6.137855743,0.4580992048,0.2849685382,0.1478299217,0.05029010578,0
e49.18,132.7068,504.2862,434.8944,4,2,11.14449706,0.4872357267,0.3320109572,0.1544656946,0.04637420979,0
e49.19,-337.6544,595.5396,419.9695,9,4.5,15.0541249,0.5309186984,0.3725453336,0.1408629137,0.04708221548,0
e49.20,-82.1331,495.3064,437.6966,4,2,7.729485225,0.6454830963,0.1382320582,0.08365712066,0.02500976606,0
e37.1,-68.5826,258.6066,182.0838,13,6.5,11.63390331,0.6963085752,0.220885154,0.307257624,0.1829029944,0
e37.2,-260.2138,302.1111,264.5565,4,2,6.812565327,0.497261304,0.1121689834,0.2043565855,0.128478558,0
e37.3,-177.1989,296.9912,258.9408,11,5.5,5.414689138,0.4961135769,0.1206242779,0.1895048955,0.1423315009,0
e37.4,-550.94,606.9749,559.1259,5,2.5,29.65742616,0.5583378876,0.1664322552,0.2171866743,0.1592710045,0
e37.5,-131.922,409.236,301.9841,4,2,19.24591093,0.4705902748,0.1278192818,0.1485462685,0.1058924899,0
e37.6,-68.9223,301.1901,270.2556,5,2.5,6.728490269,0.4818403718,0.1615679739,0.1691569493,0.1094010633,0
e37.7,102.4879,526,418.6709,8,4,38.80845237,0.671185846,0.2185825413,0.2412256944,0.1582660014,0
e37.8,75.4596,680.9763,603.7333,3,1.5,17.74557582,1.727853462,0.3182913366,0.2169936656,0.1425020579,0
e37.9,-187.9045,314.2146,216.1773,12,6,6.459730921,0.5643713993,0.1838984242,0.2901657912,0.1972532503,0
e37.10,21.2933,468.9289,396.3734,5,2.5,8.897895249,0.6311650405,0.1401456073,0.1982073211,0.1341518665,0
e37.11,-118.9068,359.5323,309.455,6,3,7.071837062,0.4772172353,0.1132441767,0.2196169505,0.1670696707,0
e37.12,270.9221,342.222,284.2048,1,0.5,6.499281245,0.4065427879,0.141552542,0.2191582836,0.1288091686,0
e37.13,-178.8551,333.0742,295.7082,8,4,5.441686066,0.4516488999,0.158210493,0.1930777536,0.1321486202,0
e37.14,-12.0226,348.8514,275.1041,7,3.5,6.28099364,0.8084310919,0.2189087812,0.2651044756,0.2093319214,0
e37.15,-170.6275,323.3394,235.2478,12,6,6.337118314,0.5925308715,0.1185955343,0.1766720348,0.1292473478,0
e37.16,384.7973,433.1936,384.7973,0,0,12.37151318,0.5244683675,0.129406554,0.251614151,0.1654255823,0
e37.17,74.7199,268.6156,220.9134,13,6.5,4.327945684,0.7440583115,0.202364778,0.1921467728,0.1207713847,0
e37.18,-199.5792,459.7408,417.4041,2,1,7.400510422,0.6321927725,0.1112008257,0.2654199214,0.1657828453,0
e37.19,-18.262,338.1445,261.0684,16,8,6.137369154,0.6951469959,0.1392571272,0.1767440921,0.1226261194,0
e37.20,311.1504,381.1343,311.157,1,0.5,9.769071449,0.5542003936,0.1051472392,0.172187267,0.1147311811,0
e62.1,211.0457,245.4231,212.2719,10,5,6.005573179,0.4080741849,0.2565372242,0.1973725991,0.05697708734,1
e62.2,330.8277,360.7016,330.8277,0,0,8.956824259,0.939501275,0.6004002022,0.4300376919,0.1138086158,1
e62.3,232.7519,292.7029,232.7973,8,4,8.097976156,0.4571203012,0.2395672186,0.1941958472,0.05740059352,1
e62.4,2330.0714,3033.4321,2335.3548,2,1,6934.99953,136.5650005,39.86851784,9.456257168,2.585509761,1
e62.5,1500.8052,2223.8767,1508.9642,15,7.5,3194.916997,102.9570478,36.88419219,9.005314653,2.385501806,1
e62.6,335.3541,383.7458,338.117,9,4.5,11.2585305,0.9670792036,0.3662418739,0.2305003948,0.06581047876,1
e62.7,436.0817,451.1793,436.0817,0,0,9.076078166,0.6400049815,0.5253061606,0.4105942853,0.1113597082,1
e62.8,437.7524,457.6925,437.7524,0,0,10.29622325,0.5322281607,0.3324847933,0.2356118474,0.06201056003,1
e62.9,492.2429,507.5987,492.2429,0,0,10.82277419,0.6760453023,0.5715785672,0.4148531785,0.1079358876,1
e62.10,457.7241,476.7251,457.7241,0,0,9.251937118,0.743514656,0.4825934938,0.4162053267,0.1101597433,1
e62.11,392.0088,402.6199,392.0088,0,0,7.664407126,0.3953018029,0.250157794,0.2138168321,0.06266600524,1
e62.12,345.4469,372.8843,345.4469,0,0,6.761852664,0.7062531066,0.5328597479,0.4290962467,0.1144035564,1
e62.13,348.9243,370.0891,348.9243,0,0,7.123117316,0.543190094,0.348689756,0.3484274867,0.1399265152,1
e62.14,254.2751,288.0238,254.2751,0,0,6.517265482,0.4826231671,0.3160622829,0.2347475274,0.08884357835,1
e62.15,158.5525,218.3721,161.2911,14,7,4.760449011,0.7176315487,0.4962142086,0.4324668885,0.1128250064,1
e62.16,122.2241,177.0054,133.7702,10,5,4.523704207,0.5024244369,0.3266446442,0.2310776327,0.06626039375,1
e62.17,202.1748,241.037,204.1658,6,3,7.477120456,0.6273719539,0.5739268659,0.4164514629,0.1153580719,1
e62.18,108.4322,168.5704,137.5507,3,1.5,3.99986616,0.3722033514,0.2630715764,0.2129305536,0.06072442748,1
e62.19,82.6163,157.8021,95.8341,32,16,3.833561133,0.5654681549,0.5504787785,0.4166816326,0.1374879304,1
e62.20,20.8308,126.326,67.8625,52,26,2.339560157,0.8181151454,0.5797086609,0.4274358704,0.120002712,1
e47.0.1,-555.351,635.7598,569.364,6,3,21.8646178,0.309563457,0.1273624675,0.05790298113,0.02281986482,0
e47.0.2,-185.2346,244.1443,202.0867,9,4.5,9.313831865,0.2161663862,0.09300896302,0.05069868849,0.01755475746,0
e47.0.3,357.8416,422.4851,375.0563,5,2.5,9.040500603,0.2515849752,0.1204936963,0.07366359009,0.02307855233,0
e47.0.4,668.9808,723.2716,668.9808,0,0,18.9907069,0.3023733759,0.1134177631,0.05474906598,0.01599657496,0
e47.0.5,961.706,992.8577,961.706,0,0,40.48495833,0.1908599178,0.1033781972,0.07426585856,0.02414596204,0
e47.0.6,1065.1716,1071.3059,1065.1716,0,0,45.36596689,0.1575771389,0.09086615672,0.06385495338,0.01932692233,0
e47.0.7,673.0486,708.1529,673.0486,0,0,18.56624797,0.2683469546,0.08423366004,0.04728286573,0.0174741299,0
e47.0.8,306.4391,345.9833,306.4391,0,0,9.009972462,0.2197325025,0.1023076132,0.07128865048,0.02284200906,0
e47.0.9,-157.4276,349.5699,288.837,7,3.5,33.80482751,1.246841546,0.2649047079,0.06037991799,0.01867998206,0
e47.0.10,188.3926,833.3992,711.0455,3,1.5,58.28640534,1.795093956,0.4887670742,0.1333126671,0.03499775468,0
e47.0.11,386.2315,885.265,841.0686,1,0.5,107.4002597,1.686204731,0.3864763642,0.09925224022,0.02784048759,0
e47.0.12,383.929,465.2251,393.7513,4,2,17.29589666,0.6854680512,0.2621169328,0.09089451965,0.02264745737,0
e47.0.13,369.4344,517.0231,406.1571,5,2.5,15.91178482,0.6363593868,0.205569153,0.09348200868,0.0301298803,0
e47.0.14,-253.059,278.4557,253.061,2,1,7.409123472,0.2976162089,0.1029903458,0.05312478535,0.01786564852,0
e47.0.15,-167.0049,214.8207,178.7455,4,2,5.672156868,0.3363815968,0.1790372373,0.08221642225,0.02508204452,0
e47.0.16,-390.8417,467.8888,392.6972,2,1,12.34753102,0.196149856,0.1133743715,0.07792657307,0.02515735315,0
e47.0.17,-4.651,495.0389,434.8873,1,0.5,13.43485786,0.5134430195,0.1873659873,0.07629894145,0.02175249323,0
e47.0.18,344.9795,591.1721,520.724,3,1.5,17.7392556,1.144071308,0.20572245,0.1198947289,0.03547046695,0
e47.0.19,136.8915,287.0362,242.1228,7,3.5,10.35105952,0.4773711016,0.1771441957,0.09493342677,0.02881280782,0
e47.0.20,-61.9583,256.9219,226.4692,7,3.5,3.91431234,0.2174879539,0.08159555952,0.04398334858,0.01734720181,0
e73.1,236.0361,260.3474,236.0361,0,0,13.60693703,0.6118381265,0.3627591347,0.3021901248,0.032642405,0
e73.2,122.3875,320.0077,275.2519,6,3,48.91290351,1.087402638,1.109923001,0.6857383595,0.0555962509,0
e73.3,292.3512,322.6502,292.3512,0,0,5.213386745,0.7735092833,0.6909158132,0.6071212414,0.05262440765,0
e73.4,187.6855,211.0515,189.4187,2,1,7.87213404,0.2011235225,0.3008686946,0.2923751447,0.03348184232,0
e73.5,199.3888,243.4091,202.9444,4,2,4.92376348,0.6598306485,0.577974615,0.566568288,0.05135642836,0
e73.6,189.3479,219.7266,191.663,4,2,3.020588546,0.4159150085,0.420800732,0.5068876453,0.07743711108,0
e73.7,111.698,166.3546,123.8801,18,9,5.388468512,0.4829564942,0.2758442435,0.2633650534,0.04083144802,0
e73.8,146.7324,209.8681,153.5659,22,11,3.865199513,0.6332362794,0.6351676265,0.5579903618,0.05805910063,0
e73.9,44.5421,553.2888,451.3743,13,6.5,90.58723713,11.75476758,1.108265315,0.5917012198,0.1248850901,0
e73.10,-99.7857,342.4301,287.988,5,2.5,46.56841308,1.272750807,1.353232344,0.6221390949,0.06097742049,0
e73.11,-90.7978,227.4427,198.0916,10,5,17.50267559,1.199382663,0.5812139864,0.5909589771,0.05765474583,0
e73.12,-87.9171,189.4753,164.8144,9,4.5,16.86270456,0.8560738748,0.564957351,0.3347769672,0.03566972062,0
e73.13,20.77,171.3025,134.9555,30,15,4.692633278,1.919244971,0.8696387609,0.5988172909,0.1182449722,0
e73.14,56.6412,113.169,75.8424,44,22,1.453985294,0.3977036396,0.3432952304,0.304767908,0.03247500228,0
e73.15,-12.7438,142.1628,97.9827,41,20.5,3.576130063,0.5044710734,0.594450943,0.5491366189,0.0517366402,0
e73.16,115.583,159.0441,121.0146,16,8,7.672246391,0.4270596274,0.3244402287,0.4114259533,0.113084364,0
e73.17,63.2096,121.2225,73.4989,47,23.5,3.578776707,0.4409954391,0.4163294583,0.3830210862,0.09232668812,0
e73.18,50.0912,125.6521,69.6221,60,30,2.517502897,0.5099613122,0.5656187621,0.5263324414,0.05028790132,0
e73.19,-17.97,96.3707,58.1916,65,32.5,0.6690290113,0.3133887394,0.2744328306,0.2827432482,0.03143041799,0
e73.20,3.4012,119.158,65.6097,64,32,1.232364355,0.5576962443,0.5709830378,0.5640946615,0.05750486872,0
e47.1.1,618.5051,728.8591,637.3583,2,1,25.5446124,0.4382902259,0.1373725472,0.08888093209,0.03234277143,1
e47.1.2,669.8428,754.7452,684.8061,2,1,32.82182472,0.6547317351,0.1022630976,0.104866947,0.03688228348,1
e47.1.3,1243.1037,1256.5431,1243.1037,0,0,71.23609454,0.3474964469,0.07620282978,0.09197524389,0.03318807713,1
e47.1.4,848.4429,923.0017,862.4258,2,1,34.26325057,0.5857290623,0.1040234186,0.09602499111,0.04088056335,1
e47.1.5,620.8449,741.6183,685.3942,2,1,30.38251089,0.629992344,0.1249548478,0.1045779378,0.03590888797,1
e47.1.6,130.5899,603.6774,502.7825,6,3,17.92789342,1.283005686,0.1683936923,0.1308018055,0.04796862005,1
e47.1.7,138.7058,413.7039,317.6194,6,3,11.9809125,0.7085145988,0.1254932866,0.1138166196,0.05583440695,1
e47.1.8,-131.15,500.9312,315.4482,11,5.5,10.84864921,0.6683709145,0.1600998954,0.1177217826,0.04627010513,1
e47.1.9,-296.9913,709.6528,449.7152,12,6,21.58827564,0.9034212861,0.1021462219,0.08939941119,0.04025044992,1
e47.1.10,-291.1504,639.7267,357.5405,13,6.5,21.83314111,2.186212376,0.1576906382,0.1043977011,0.04625549002,1
e47.1.11,-271.1436,748.816,519.6343,8,4,23.74038735,1.066336917,0.2262338822,0.1267047712,0.05816544178,1
e47.1.12,74.1329,730.2032,537.2211,17,8.5,21.66799523,1.873020914,0.4884997417,0.1714718923,0.06903667646,1
e47.1.13,575.0134,1197.1199,884.3976,3,1.5,44.16689663,2.899050126,1.090935249,0.3715385013,0.1200475533,1
e47.1.14,78.9764,910.4258,703.8727,7,3.5,27.78219127,3.073338644,0.7021038029,0.2367791606,0.08198770614,1
e47.1.15,-617.6012,1067.7757,793.0526,3,1.5,36.03874326,1.248339416,0.3855220358,0.1645514735,0.05296211257,1
e47.1.16,-492.0329,791.2923,693.0992,3,1.5,34.9187469,2.114090846,0.2449506609,0.1394949951,0.06295977607,1
e47.1.17,-255.8915,455.6108,378.9046,4,2,15.34795078,1.263933137,0.188982208,0.1120965276,0.05193849785,1
e47.1.18,224.3162,619.7682,541.53,8,4,24.57759732,0.9531137866,0.2499216579,0.1397942213,0.06143230989,1
e47.1.19,-164.9455,986.0252,798.4002,4,2,31.00238975,1.90582682,0.2623374857,0.121908244,0.05399547261,1
e47.1.20,-385.8295,1501.8618,1148.9497,3,1.5,63.29404158,3.625287832,0.130177468,0.1139225719,0.04957938678,1